테마코드,테마명,종목코드
027,2018 신규 상장주,117730
027,2018 신규 상장주,245620
027,2018 신규 상장주,290670
027,2018 신규 상장주,260660
027,2018 신규 상장주,089970
027,2018 신규 상장주,042000
027,2018 신규 상장주,037030
027,2018 신규 상장주,219420
027,2018 신규 상장주,267790
027,2018 신규 상장주,016790
027,2018 신규 상장주,290380
027,2018 신규 상장주,258830
027,2018 신규 상장주,122310
027,2018 신규 상장주,263020
027,2018 신규 상장주,293940
027,2018 신규 상장주,246710
027,2018 신규 상장주,290660
027,2018 신규 상장주,299900
027,2018 신규 상장주,194700
027,2018 신규 상장주,179290
027,2018 신규 상장주,900340
027,2018 신규 상장주,268600
027,2018 신규 상장주,264660
027,2018 신규 상장주,304100
027,2018 신규 상장주,299910
027,2018 신규 상장주,290550
027,2018 신규 상장주,128540
027,2018 신규 상장주,290120
027,2018 신규 상장주,302430
027,2018 신규 상장주,270870
027,2018 신규 상장주,110020
027,2018 신규 상장주,100590
027,2018 신규 상장주,298380
027,2018 신규 상장주,154030
027,2018 신규 상장주,263050
027,2018 신규 상장주,010400
027,2018 신규 상장주,290650
027,2018 신규 상장주,018250
027,2018 신규 상장주,263700
027,2018 신규 상장주,950170
027,2018 신규 상장주,298690
027,2018 신규 상장주,275630
027,2018 신규 상장주,219750
027,2018 신규 상장주,110790
027,2018 신규 상장주,293480
027,2018 신규 상장주,293580
027,2018 신규 상장주,064510
027,2018 신규 상장주,288620
027,2018 신규 상장주,208340
027,2018 신규 상장주,257370
027,2018 신규 상장주,290720
027,2018 신규 상장주,153710
027,2018 신규 상장주,108490
027,2018 신규 상장주,088260
027,2018 신규 상장주,263690
027,2018 신규 상장주,289080
027,2018 신규 상장주,173130
027,2018 신규 상장주,006620
027,2018 신규 상장주,175250
027,2018 신규 상장주,226950
027,2018 신규 상장주,267850
027,2018 신규 상장주,290740
027,2018 신규 상장주,285490
027,2018 신규 상장주,183490
027,2018 신규 상장주,027360
027,2018 신규 상장주,227100
027,2018 신규 상장주,226400
027,2018 신규 상장주,277070
027,2018 신규 상장주,197140
032,2019 신규 상장주,300120
032,2019 신규 상장주,317120
032,2019 신규 상장주,013890
032,2019 신규 상장주,099750
032,2019 신규 상장주,235980
032,2019 신규 상장주,100790
032,2019 신규 상장주,192650
032,2019 신규 상장주,158430
032,2019 신규 상장주,327260
032,2019 신규 상장주,258790
032,2019 신규 상장주,244460
032,2019 신규 상장주,288330
032,2019 신규 상장주,216080
032,2019 신규 상장주,226330
032,2019 신규 상장주,322510
032,2019 신규 상장주,124560
032,2019 신규 상장주,302550
032,2019 신규 상장주,338100
032,2019 신규 상장주,278650
032,2019 신규 상장주,308170
032,2019 신규 상장주,321550
032,2019 신규 상장주,297090
032,2019 신규 상장주,318010
032,2019 신규 상장주,190650
032,2019 신규 상장주,322000
032,2019 신규 상장주,234690
032,2019 신규 상장주,306040
032,2019 신규 상장주,317870
032,2019 신규 상장주,272110
032,2019 신규 상장주,272210
032,2019 신규 상장주,241840
032,2019 신규 상장주,299660
032,2019 신규 상장주,251970
032,2019 신규 상장주,317830
032,2019 신규 상장주,104620
032,2019 신규 상장주,148150
032,2019 신규 상장주,195500
032,2019 신규 상장주,950180
032,2019 신규 상장주,246960
032,2019 신규 상장주,330590
032,2019 신규 상장주,289010
032,2019 신규 상장주,286750
032,2019 신규 상장주,234340
032,2019 신규 상장주,228760
032,2019 신규 상장주,311390
032,2019 신규 상장주,125210
032,2019 신규 상장주,322180
032,2019 신규 상장주,300080
032,2019 신규 상장주,247540
032,2019 신규 상장주,312610
032,2019 신규 상장주,278280
032,2019 신규 상장주,228670
032,2019 신규 상장주,317850
032,2019 신규 상장주,103840
032,2019 신규 상장주,317400
032,2019 신규 상장주,313760
032,2019 신규 상장주,282880
032,2019 신규 상장주,307950
032,2019 신규 상장주,308100
032,2019 신규 상장주,084850
032,2019 신규 상장주,305090
032,2019 신규 상장주,317530
032,2019 신규 상장주,317770
032,2019 신규 상장주,186230
032,2019 신규 상장주,253840
032,2019 신규 상장주,256150
032,2019 신규 상장주,293780
032,2019 신규 상장주,053580
032,2019 신규 상장주,317330
032,2019 신규 상장주,307930
032,2019 신규 상장주,318000
342,2020 신규 상장주,298060
342,2020 신규 상장주,337930
342,2020 신규 상장주,164060
342,2020 신규 상장주,101360
342,2020 신규 상장주,294090
342,2020 신규 상장주,290520
342,2020 신규 상장주,326030
342,2020 신규 상장주,060850
342,2020 신규 상장주,331920
342,2020 신규 상장주,277880
342,2020 신규 상장주,262260
342,2020 신규 상장주,225220
342,2020 신규 상장주,330350
342,2020 신규 상장주,347890
342,2020 신규 상장주,032300
342,2020 신규 상장주,298540
342,2020 신규 상장주,950190
342,2020 신규 상장주,332570
342,2020 신규 상장주,199820
342,2020 신규 상장주,294630
342,2020 신규 상장주,169330
342,2020 신규 상장주,237820
342,2020 신규 상장주,198080
342,2020 신규 상장주,348350
342,2020 신규 상장주,323990
342,2020 신규 상장주,314130
342,2020 신규 상장주,318020
342,2020 신규 상장주,301300
342,2020 신규 상장주,299030
342,2020 신규 상장주,348150
342,2020 신규 상장주,064850
342,2020 신규 상장주,330860
342,2020 신규 상장주,950200
342,2020 신규 상장주,339770
342,2020 신규 상장주,290690
342,2020 신규 상장주,229000
342,2020 신규 상장주,065370
342,2020 신규 상장주,293490
342,2020 신규 상장주,294140
342,2020 신규 상장주,332370
342,2020 신규 상장주,357550
342,2020 신규 상장주,304840
342,2020 신규 상장주,347000
342,2020 신규 상장주,297890
342,2020 신규 상장주,335810
342,2020 신규 상장주,053080
342,2020 신규 상장주,348210
342,2020 신규 상장주,318410
342,2020 신규 상장주,347860
342,2020 신규 상장주,274090
342,2020 신규 상장주,223250
342,2020 신규 상장주,352820
342,2020 신규 상장주,204270
342,2020 신규 상장주,092190
126,2021 신규 상장주,351330
126,2021 신규 상장주,340930
126,2021 신규 상장주,322310
126,2021 신규 상장주,361610
126,2021 신규 상장주,189330
126,2021 신규 상장주,059270
126,2021 신규 상장주,361390
126,2021 신규 상장주,289220
126,2021 신규 상장주,314930
126,2021 신규 상장주,294570
126,2021 신규 상장주,187660
126,2021 신규 상장주,347700
126,2021 신규 상장주,302440
126,2021 신규 상장주,311320
126,2021 신규 상장주,298870
126,2021 신규 상장주,361570
126,2021 신규 상장주,271940
126,2021 신규 상장주,200350
126,2021 신규 상장주,352910
126,2021 신규 상장주,357580
126,2021 신규 상장주,372800
126,2021 신규 상장주,137310
126,2021 신규 상장주,365270
126,2021 신규 상장주,357880
126,2021 신규 상장주,377480
126,2021 신규 상장주,086710
126,2021 신규 상장주,236810
126,2021 신규 상장주,232680
126,2021 신규 상장주,950220
126,2021 신규 상장주,376300
126,2021 신규 상장주,348370
126,2021 신규 상장주,382840
126,2021 신규 상장주,352480
126,2021 신규 상장주,377300
126,2021 신규 상장주,348030
126,2021 신규 상장주,352700
126,2021 신규 상장주,377030
126,2021 신규 상장주,163730
126,2021 신규 상장주,248070
126,2021 신규 상장주,277810
126,2021 신규 상장주,321820
126,2021 신규 상장주,363250
126,2021 신규 상장주,950210
126,2021 신규 상장주,262840
126,2021 신규 상장주,376180
126,2021 신규 상장주,276730
126,2021 신규 상장주,361670
126,2021 신규 상장주,252990
126,2021 신규 상장주,199800
126,2021 신규 상장주,270660
126,2021 신규 상장주,357230
126,2021 신규 상장주,395400
126,2021 신규 상장주,367000
126,2021 신규 상장주,259960
126,2021 신규 상장주,257720
126,2021 신규 상장주,372910
126,2021 신규 상장주,203400
126,2021 신규 상장주,338220
126,2021 신규 상장주,334970
126,2021 신규 상장주,058970
126,2021 신규 상장주,139990
126,2021 신규 상장주,308080
126,2021 신규 상장주,099430
126,2021 신규 상장주,381970
126,2021 신규 상장주,303530
126,2021 신규 상장주,329180
126,2021 신규 상장주,382800
126,2021 신규 상장주,377450
126,2021 신규 상장주,261780
126,2021 신규 상장주,089860
126,2021 신규 상장주,323410
126,2021 신규 상장주,247660
126,2021 신규 상장주,260970
126,2021 신규 상장주,195940
126,2021 신규 상장주,382480
126,2021 신규 상장주,376980
126,2021 신규 상장주,356890
126,2021 신규 상장주,273640
126,2021 신규 상장주,377220
126,2021 신규 상장주,315640
127,2022 신규 상장주,412350
127,2022 신규 상장주,362320
127,2022 신규 상장주,288980
127,2022 신규 상장주,251120
127,2022 신규 상장주,396300
127,2022 신규 상장주,377330
127,2022 신규 상장주,377460
127,2022 신규 상장주,382900
127,2022 신규 상장주,396270
127,2022 신규 상장주,373220
127,2022 신규 상장주,388720
127,2022 신규 상장주,366030
127,2022 신규 상장주,330730
127,2022 신규 상장주,376930
127,2022 신규 상장주,402030
127,2022 신규 상장주,276040
127,2022 신규 상장주,417310
127,2022 신규 상장주,211050
127,2022 신규 상장주,353590
127,2022 신규 상장주,102370
127,2022 신규 상장주,136410
127,2022 신규 상장주,146320
127,2022 신규 상장주,137080
127,2022 신규 상장주,179530
127,2022 신규 상장주,310210
127,2022 신규 상장주,371950
127,2022 신규 상장주,370090
127,2022 신규 상장주,365900
127,2022 신규 상장주,148780
260,2차전지,036490
984,"2차전지(LEP,리튬인산철)",054300
984,"2차전지(LEP,리튬인산철)",125210
984,"2차전지(LEP,리튬인산철)",373220
984,"2차전지(LEP,리튬인산철)",096770
984,"2차전지(LEP,리튬인산철)",018290
984,"2차전지(LEP,리튬인산철)",066970
984,"2차전지(LEP,리튬인산철)",282880
984,"2차전지(LEP,리튬인산철)",037370
984,"2차전지(LEP,리튬인산철)",037030
984,"2차전지(LEP,리튬인산철)",222080
986,2차전지(생산),373220
986,2차전지(생산),006400
986,2차전지(생산),096770
989,"2차전지(소재,부품,장비)",047310
989,"2차전지(소재,부품,장비)",262260
989,"2차전지(소재,부품,장비)",220260
989,"2차전지(소재,부품,장비)",361610
989,"2차전지(소재,부품,장비)",055490
989,"2차전지(소재,부품,장비)",161000
989,"2차전지(소재,부품,장비)",002710
989,"2차전지(소재,부품,장비)",247540
989,"2차전지(소재,부품,장비)",093920
989,"2차전지(소재,부품,장비)",320000
989,"2차전지(소재,부품,장비)",277880
989,"2차전지(소재,부품,장비)",259630
989,"2차전지(소재,부품,장비)",357780
989,"2차전지(소재,부품,장비)",089980
989,"2차전지(소재,부품,장비)",121600
989,"2차전지(소재,부품,장비)",003670
989,"2차전지(소재,부품,장비)",290670
989,"2차전지(소재,부품,장비)",282880
989,"2차전지(소재,부품,장비)",020150
989,"2차전지(소재,부품,장비)",032560
989,"2차전지(소재,부품,장비)",178920
989,"2차전지(소재,부품,장비)",131390
989,"2차전지(소재,부품,장비)",377330
989,"2차전지(소재,부품,장비)",265560
989,"2차전지(소재,부품,장비)",033160
989,"2차전지(소재,부품,장비)",065350
989,"2차전지(소재,부품,장비)",278280
989,"2차전지(소재,부품,장비)",093370
989,"2차전지(소재,부품,장비)",066970
989,"2차전지(소재,부품,장비)",093230
989,"2차전지(소재,부품,장비)",348370
989,"2차전지(소재,부품,장비)",005420
989,"2차전지(소재,부품,장비)",137400
989,"2차전지(소재,부품,장비)",011790
989,"2차전지(소재,부품,장비)",312610
989,"2차전지(소재,부품,장비)",196490
989,"2차전지(소재,부품,장비)",025900
989,"2차전지(소재,부품,장비)",005490
989,"2차전지(소재,부품,장비)",222080
989,"2차전지(소재,부품,장비)",005070
989,"2차전지(소재,부품,장비)",086520
989,"2차전지(소재,부품,장비)",336370
989,"2차전지(소재,부품,장비)",054210
989,"2차전지(소재,부품,장비)",006650
989,"2차전지(소재,부품,장비)",001390
989,"2차전지(소재,부품,장비)",051490
989,"2차전지(소재,부품,장비)",011500
989,"2차전지(소재,부품,장비)",054090
989,"2차전지(소재,부품,장비)",091580
989,"2차전지(소재,부품,장비)",263770
989,"2차전지(소재,부품,장비)",001780
989,"2차전지(소재,부품,장비)",078600
989,"2차전지(소재,부품,장비)",010130
989,"2차전지(소재,부품,장비)",075970
989,"2차전지(소재,부품,장비)",014820
989,"2차전지(소재,부품,장비)",226440
989,"2차전지(소재,부품,장비)",001570
989,"2차전지(소재,부품,장비)",088390
989,"2차전지(소재,부품,장비)",014680
989,"2차전지(소재,부품,장비)",008730
989,"2차전지(소재,부품,장비)",096630
989,"2차전지(소재,부품,장비)",382480
989,"2차전지(소재,부품,장비)",222420
989,"2차전지(소재,부품,장비)",299030
989,"2차전지(소재,부품,장비)",101360
989,"2차전지(소재,부품,장비)",065130
989,"2차전지(소재,부품,장비)",251630
989,"2차전지(소재,부품,장비)",267320
989,"2차전지(소재,부품,장비)",006110
989,"2차전지(소재,부품,장비)",110990
989,"2차전지(소재,부품,장비)",217820
989,"2차전지(소재,부품,장비)",161580
989,"2차전지(소재,부품,장비)",243840
989,"2차전지(소재,부품,장비)",302430
989,"2차전지(소재,부품,장비)",076080
989,"2차전지(소재,부품,장비)",079810
989,"2차전지(소재,부품,장비)",254120
989,"2차전지(소재,부품,장비)",340930
989,"2차전지(소재,부품,장비)",382840
989,"2차전지(소재,부품,장비)",084850
989,"2차전지(소재,부품,장비)",083930
989,"2차전지(소재,부품,장비)",333620
985,2차전지(전고체),025900
985,2차전지(전고체),083930
985,2차전지(전고체),222080
985,2차전지(전고체),005950
985,2차전지(전고체),049950
985,2차전지(전고체),055490
985,2차전지(전고체),011500
985,2차전지(전고체),278280
985,2차전지(전고체),078600
985,2차전지(전고체),226440
985,2차전지(전고체),317330
985,2차전지(전고체),196490
985,2차전지(전고체),277880
380,3D,084730
380,3D,052330
380,3D,062860
380,3D,033200
380,3D,064520
380,3D,033320
380,3D,066310
380,3D,106080
380,3D,060300
629,3D낸드,086390
629,3D낸드,281820
629,3D낸드,319660
629,3D낸드,074600
629,3D낸드,036490
629,3D낸드,005930
629,3D낸드,000660
629,3D낸드,240810
629,3D낸드,031980
629,3D낸드,084370
629,3D낸드,089030
629,3D낸드,095610
629,3D낸드,222800
629,3D낸드,014680
629,3D낸드,104830
629,3D낸드,045100
629,3D낸드,036830
629,3D낸드,079370
629,3D낸드,092070
629,3D낸드,093370
026,3D프린터,039310
026,3D프린터,048830
026,3D프린터,010660
026,3D프린터,000850
026,3D프린터,048770
026,3D프린터,002360
026,3D프린터,126700
026,3D프린터,059210
026,3D프린터,131180
026,3D프린터,141070
026,3D프린터,090360
026,3D프린터,066310
026,3D프린터,065690
026,3D프린터,099440
026,3D프린터,053610
026,3D프린터,045890
026,3D프린터,029530
026,3D프린터,049800
026,3D프린터,032820
026,3D프린터,033200
026,3D프린터,039740
026,3D프린터,018290
026,3D프린터,056080
026,3D프린터,033320
901,5G,088800
901,5G,007660
901,5G,218410
901,5G,138080
901,5G,039560
901,5G,052460
901,5G,010170
901,5G,061040
901,5G,032500
901,5G,069410
901,5G,073490
901,5G,050890
901,5G,178320
901,5G,011070
901,5G,078000
901,5G,122990
901,5G,332570
122,AMOLED,006400
122,AMOLED,088130
122,AMOLED,096870
122,AMOLED,080000
122,AMOLED,043590
122,AMOLED,077360
122,AMOLED,078150
122,AMOLED,056190
122,AMOLED,083930
122,AMOLED,065130
122,AMOLED,123100
122,AMOLED,138690
122,AMOLED,040910
122,AMOLED,141000
122,AMOLED,265520
122,AMOLED,036930
122,AMOLED,240810
122,AMOLED,033640
122,AMOLED,051910
006,"AR,VR",054210
006,"AR,VR",190510
006,"AR,VR",094170
006,"AR,VR",206560
006,"AR,VR",021650
006,"AR,VR",058610
006,"AR,VR",048410
006,"AR,VR",036500
006,"AR,VR",038680
006,"AR,VR",029480
006,"AR,VR",215000
006,"AR,VR",121800
006,"AR,VR",053210
006,"AR,VR",027580
006,"AR,VR",048870
006,"AR,VR",062860
006,"AR,VR",078650
006,"AR,VR",096630
006,"AR,VR",067000
006,"AR,VR",094360
006,"AR,VR",072520
006,"AR,VR",067160
006,"AR,VR",084730
006,"AR,VR",289220
006,"AR,VR",047080
006,"AR,VR",171090
006,"AR,VR",193250
006,"AR,VR",101390
006,"AR,VR",018290
006,"AR,VR",299900
006,"AR,VR",030350
006,"AR,VR",377030
025,DMZ 세계평화공원,014970
025,DMZ 세계평화공원,043910
025,DMZ 세계평화공원,071950
025,DMZ 세계평화공원,001840
025,DMZ 세계평화공원,051170
025,DMZ 세계평화공원,066130
025,DMZ 세계평화공원,131180
025,DMZ 세계평화공원,007110
025,DMZ 세계평화공원,084680
025,DMZ 세계평화공원,140520
302,ESS,006400
302,ESS,022100
302,ESS,089980
302,ESS,009470
302,ESS,051910
302,ESS,137400
302,ESS,001820
302,ESS,131390
302,ESS,054090
302,ESS,002230
383,FPCB,004130
383,FPCB,051370
383,FPCB,065270
383,FPCB,088390
383,FPCB,090460
383,FPCB,131400
383,FPCB,085670
568,GTX(수도권 광역급행철도),028100
568,GTX(수도권 광역급행철도),064350
568,GTX(수도권 광역급행철도),045390
568,GTX(수도권 광역급행철도),017480
568,GTX(수도권 광역급행철도),026150
568,GTX(수도권 광역급행철도),023410
568,GTX(수도권 광역급행철도),017510
568,GTX(수도권 광역급행철도),039980
568,GTX(수도권 광역급행철도),068240
568,GTX(수도권 광역급행철도),097230
568,GTX(수도권 광역급행철도),047040
568,GTX(수도권 광역급행철도),000210
091,IPTV,130960
091,IPTV,030200
091,IPTV,032640
091,IPTV,032540
091,IPTV,058220
091,IPTV,078070
091,IPTV,115160
091,IPTV,028080
091,IPTV,036030
091,IPTV,034120
091,IPTV,039560
091,IPTV,046140
091,IPTV,052220
091,IPTV,056360
091,IPTV,057880
091,IPTV,064240
091,IPTV,078890
003,LCD,065130
003,LCD,052420
003,LCD,047440
003,LCD,037330
003,LCD,001210
003,LCD,045660
003,LCD,066970
003,LCD,056190
003,LCD,041520
003,LCD,068790
003,LCD,004710
003,LCD,078150
003,LCD,049950
003,LCD,054090
003,LCD,071280
003,LCD,062860
003,LCD,066670
003,LCD,034220
003,LCD,040910
003,LCD,077360
003,LCD,094190
003,LCD,079810
003,LCD,096640
003,LCD,041590
003,LCD,290520
003,LCD,131760
115,LED,009150
115,LED,011070
115,LED,046890
115,LED,038060
115,LED,005930
115,LED,025540
115,LED,050760
115,LED,061040
115,LED,066570
115,LED,020760
115,LED,101390
115,LED,065690
115,LED,082850
115,LED,004710
115,LED,001210
115,LED,096870
115,LED,037950
115,LED,080520
115,LED,015890
115,LED,017900
115,LED,014580
115,LED,053450
115,LED,106240
115,LED,131290
115,LED,064290
115,LED,123260
115,LED,072950
115,LED,082800
115,LED,015710
115,LED,153490
115,LED,054090
115,LED,037400
115,LED,290690
115,LED,092190
154,LED장비,036930
154,LED장비,039030
154,LED장비,042700
154,LED장비,053610
154,LED장비,065130
154,LED장비,079950
154,LED장비,080530
154,LED장비,060570
154,LED장비,056000
154,LED장비,054450
148,LNG,042660
148,LNG,010140
148,LNG,009540
148,LNG,096770
148,LNG,047050
148,LNG,011760
148,LNG,036460
148,LNG,128820
148,LNG,017960
136,LPG,018670
136,LPG,017940
136,LPG,096770
136,LPG,078930
136,LPG,010950
136,LPG,005620
628,MLCC,009150
628,MLCC,306620
628,MLCC,005070
628,MLCC,001820
628,MLCC,052710
628,MLCC,078600
157,NFT,064260
157,NFT,078340
157,NFT,044480
157,NFT,011420
157,NFT,035720
157,NFT,058630
157,NFT,086960
157,NFT,158430
157,NFT,307930
157,NFT,036570
157,NFT,121800
157,NFT,236810
157,NFT,201490
157,NFT,094480
157,NFT,063170
157,NFT,030350
157,NFT,112040
157,NFT,214270
157,NFT,063080
157,NFT,067160
157,NFT,352820
157,NFT,241840
157,NFT,293490
157,NFT,041020
157,NFT,035420
157,NFT,047820
157,NFT,163730
195,OLED,096870
195,OLED,088130
195,OLED,005930
195,OLED,066570
195,OLED,034220
195,OLED,006400
195,OLED,078150
195,OLED,083930
195,OLED,051910
195,OLED,002020
195,OLED,036930
195,OLED,108230
195,OLED,047310
195,OLED,056190
195,OLED,080000
195,OLED,043290
195,OLED,159910
195,OLED,171010
195,OLED,030530
195,OLED,065130
195,OLED,068790
195,OLED,144960
195,OLED,161580
195,OLED,317330
195,OLED,049950
195,OLED,213420
195,OLED,137080
195,OLED,141000
195,OLED,336370
195,OLED,143540
195,OLED,272290
195,OLED,239890
195,OLED,014680
195,OLED,290520
195,OLED,238490
195,OLED,265520
195,OLED,187870
195,OLED,297890
195,OLED,136510
195,OLED,371950
195,OLED,197210
633,P2E,112040
633,P2E,078340
633,P2E,251270
633,P2E,181710
633,P2E,060240
633,P2E,207760
633,P2E,293490
633,P2E,036570
633,P2E,095660
336,PC/주변기기,033320
336,PC/주변기기,065690
336,PC/주변기기,066110
240,PCB,004130
240,PCB,008060
240,PCB,007810
240,PCB,007660
240,PCB,036710
240,PCB,051370
240,PCB,009150
240,PCB,066900
240,PCB,092300
240,PCB,131400
240,PCB,065270
240,PCB,088390
240,PCB,090460
240,PCB,353200
240,PCB,222800
261,SI,023590
261,SI,026180
261,SI,035510
261,SI,053980
261,SI,115500
261,SI,018260
261,SI,124500
261,SI,286940
261,SI,020180
261,SI,010280
261,SI,267850
261,SI,039420
261,SI,307950
261,SI,319400
261,SI,022100
261,SI,367000
100,"SI, AI, ASF, 광우병",024660
100,"SI, AI, ASF, 광우병",027740
100,"SI, AI, ASF, 광우병",005860
100,"SI, AI, ASF, 광우병",014580
100,"SI, AI, ASF, 광우병",025880
100,"SI, AI, ASF, 광우병",044960
100,"SI, AI, ASF, 광우병",003680
100,"SI, AI, ASF, 광우병",006090
100,"SI, AI, ASF, 광우병",025870
100,"SI, AI, ASF, 광우병",007160
100,"SI, AI, ASF, 광우병",004970
100,"SI, AI, ASF, 광우병",049770
100,"SI, AI, ASF, 광우병",006040
100,"SI, AI, ASF, 광우병",003960
100,"SI, AI, ASF, 광우병",030720
100,"SI, AI, ASF, 광우병",024720
100,"SI, AI, ASF, 광우병",000100
100,"SI, AI, ASF, 광우병",002720
100,"SI, AI, ASF, 광우병",003120
100,"SI, AI, ASF, 광우병",045060
100,"SI, AI, ASF, 광우병",014570
100,"SI, AI, ASF, 광우병",019170
100,"SI, AI, ASF, 광우병",060590
100,"SI, AI, ASF, 광우병",072020
100,"SI, AI, ASF, 광우병",054670
100,"SI, AI, ASF, 광우병",043100
100,"SI, AI, ASF, 광우병",088910
100,"SI, AI, ASF, 광우병",006280
100,"SI, AI, ASF, 광우병",042040
100,"SI, AI, ASF, 광우병",043090
100,"SI, AI, ASF, 광우병",052670
100,"SI, AI, ASF, 광우병",007570
100,"SI, AI, ASF, 광우병",041910
100,"SI, AI, ASF, 광우병",061250
100,"SI, AI, ASF, 광우병",052260
100,"SI, AI, ASF, 광우병",006120
100,"SI, AI, ASF, 광우병",002390
100,"SI, AI, ASF, 광우병",063160
100,"SI, AI, ASF, 광우병",069620
100,"SI, AI, ASF, 광우병",017180
100,"SI, AI, ASF, 광우병",065950
100,"SI, AI, ASF, 광우병",044820
100,"SI, AI, ASF, 광우병",011040
100,"SI, AI, ASF, 광우병",003850
100,"SI, AI, ASF, 광우병",080420
100,"SI, AI, ASF, 광우병",001630
100,"SI, AI, ASF, 광우병",084110
100,"SI, AI, ASF, 광우병",018680
100,"SI, AI, ASF, 광우병",014100
100,"SI, AI, ASF, 광우병",018120
100,"SI, AI, ASF, 광우병",090350
100,"SI, AI, ASF, 광우병",004780
100,"SI, AI, ASF, 광우병",002760
100,"SI, AI, ASF, 광우병",078140
100,"SI, AI, ASF, 광우병",001060
100,"SI, AI, ASF, 광우병",003520
100,"SI, AI, ASF, 광우병",043200
100,"SI, AI, ASF, 광우병",011000
100,"SI, AI, ASF, 광우병",080520
100,"SI, AI, ASF, 광우병",041960
100,"SI, AI, ASF, 광우병",033250
100,"SI, AI, ASF, 광우병",241820
094,SNS,064800
094,SNS,065440
094,SNS,079940
094,SNS,093320
094,SNS,039290
094,SNS,066270
094,SNS,067160
262,SSD,005930
262,SSD,000660
262,SSD,064520
262,SSD,036540
262,SSD,036710
262,SSD,067310
262,SSD,073570
262,SSD,081580
152,T-50고등훈련기,095190
152,T-50고등훈련기,010820
152,T-50고등훈련기,012450
152,T-50고등훈련기,086960
152,T-50고등훈련기,047810
263,TFT-LCD BLU 제조,004710
263,TFT-LCD BLU 제조,001210
263,TFT-LCD BLU 제조,047440
263,TFT-LCD BLU 제조,083470
263,TFT-LCD BLU 제조,041520
263,TFT-LCD BLU 제조,074130
263,TFT-LCD BLU 제조,131760
264,TFT-LCD 부품,082850
264,TFT-LCD 부품,005290
264,TFT-LCD 부품,027580
264,TFT-LCD 부품,123860
264,TFT-LCD 부품,050760
264,TFT-LCD 부품,073110
264,TFT-LCD 부품,074130
264,TFT-LCD 부품,095500
264,TFT-LCD 부품,105330
264,TFT-LCD 부품,071670
264,TFT-LCD 부품,108320
264,TFT-LCD 부품,120110
264,TFT-LCD 부품,033640
264,TFT-LCD 부품,037330
264,TFT-LCD 부품,042600
264,TFT-LCD 부품,043590
264,TFT-LCD 부품,049120
264,TFT-LCD 부품,054090
264,TFT-LCD 부품,062860
264,TFT-LCD 부품,065680
264,TFT-LCD 부품,011790
264,TFT-LCD 부품,067770
264,TFT-LCD 부품,051910
264,TFT-LCD 부품,069330
264,TFT-LCD 부품,077280
264,TFT-LCD 부품,082390
264,TFT-LCD 부품,089010
264,TFT-LCD 부품,102710
265,TFT-LCD 장비,036930
265,TFT-LCD 장비,068790
265,TFT-LCD 장비,065130
265,TFT-LCD 장비,083550
265,TFT-LCD 장비,104110
265,TFT-LCD 장비,045100
265,TFT-LCD 장비,052420
265,TFT-LCD 장비,088130
265,TFT-LCD 장비,108230
265,TFT-LCD 장비,109740
265,TFT-LCD 장비,009310
265,TFT-LCD 장비,006400
265,TFT-LCD 장비,029460
265,TFT-LCD 장비,039440
265,TFT-LCD 장비,049950
265,TFT-LCD 장비,056190
265,TFT-LCD 장비,066700
265,TFT-LCD 장비,071280
265,TFT-LCD 장비,078150
265,TFT-LCD 장비,079370
265,TFT-LCD 장비,079810
265,TFT-LCD 장비,079950
265,TFT-LCD 장비,080000
265,TFT-LCD 장비,083930
265,TFT-LCD 장비,080530
265,TFT-LCD 장비,043290
265,TFT-LCD 장비,265520
265,TFT-LCD 장비,101490
912,U-헬스케어,032620
912,U-헬스케어,033230
912,U-헬스케어,032850
912,U-헬스케어,041830
912,U-헬스케어,006140
912,U-헬스케어,036220
912,U-헬스케어,085660
912,U-헬스케어,071200
912,U-헬스케어,043100
912,U-헬스케어,068870
912,U-헬스케어,039860
912,U-헬스케어,005250
912,U-헬스케어,026180
912,U-헬스케어,100120
912,U-헬스케어,052260
912,U-헬스케어,001060
912,U-헬스케어,012750
912,U-헬스케어,038290
912,U-헬스케어,016800
912,U-헬스케어,078160
912,U-헬스케어,100700
912,U-헬스케어,099190
912,U-헬스케어,347700
912,U-헬스케어,315640
912,U-헬스케어,338220
912,U-헬스케어,099750
912,U-헬스케어,234690
912,U-헬스케어,322510
912,U-헬스케어,263700
236,mRNA(메신저리보핵산),226950
236,mRNA(메신저리보핵산),008930
236,mRNA(메신저리보핵산),005690
236,mRNA(메신저리보핵산),237690
236,mRNA(메신저리보핵산),000070
236,mRNA(메신저리보핵산),049180
236,mRNA(메신저리보핵산),128940
236,mRNA(메신저리보핵산),183490
236,mRNA(메신저리보핵산),138610
236,mRNA(메신저리보핵산),011000
236,mRNA(메신저리보핵산),038070
236,mRNA(메신저리보핵산),244460
236,mRNA(메신저리보핵산),102460
236,mRNA(메신저리보핵산),185490
236,mRNA(메신저리보핵산),074430
236,mRNA(메신저리보핵산),006280
033,가상화폐,033320
033,가상화폐,046110
033,가상화폐,065440
033,가상화폐,054920
033,가상화폐,049470
033,가상화폐,066270
033,가상화폐,093520
033,가상화폐,064520
033,가상화폐,046440
033,가상화폐,094480
033,가상화폐,050120
033,가상화폐,096040
033,가상화폐,036090
033,가상화폐,057680
033,가상화폐,041190
033,가상화폐,036120
033,가상화폐,035720
033,가상화폐,106520
033,가상화폐,121800
033,가상화폐,064260
266,가스하이드레이트,036460
266,가스하이드레이트,060370
266,가스하이드레이트,087220
266,가스하이드레이트,003030
266,가스하이드레이트,008970
266,가스하이드레이트,100090
266,가스하이드레이트,010520
266,가스하이드레이트,024800
266,가스하이드레이트,071090
266,가스하이드레이트,101000
266,가스하이드레이트,048470
266,가스하이드레이트,306200
961,가정간편식,290720
961,가정간편식,005610
961,가정간편식,001680
961,가정간편식,017810
961,가정간편식,103840
961,가정간편식,004370
961,가정간편식,049770
961,가정간편식,260970
961,가정간편식,097950
961,가정간편식,007310
961,가정간편식,900340
267,강관업체,010520
267,강관업체,005010
267,강관업체,003030
267,강관업체,071090
267,강관업체,087220
267,강관업체,100090
267,강관업체,008970
267,강관업체,021040
267,강관업체,014280
267,강관업체,004020
267,강관업체,016380
267,강관업체,000970
267,강관업체,306200
910,개성공단,026040
910,개성공단,009270
910,개성공단,071950
910,개성공단,025540
910,개성공단,014990
910,개성공단,033340
910,개성공단,023800
910,개성공단,033240
910,개성공단,049630
679,갤럭시부품,192650
679,갤럭시부품,085670
679,갤럭시부품,047310
679,갤럭시부품,187270
679,갤럭시부품,007660
679,갤럭시부품,004710
679,갤럭시부품,025320
679,갤럭시부품,238090
679,갤럭시부품,054210
679,갤럭시부품,190510
679,갤럭시부품,007810
679,갤럭시부품,052710
679,갤럭시부품,091700
679,갤럭시부품,097520
679,갤럭시부품,272290
679,갤럭시부품,008060
679,갤럭시부품,049070
679,갤럭시부품,101330
679,갤럭시부품,213420
679,갤럭시부품,049080
679,갤럭시부품,082210
679,갤럭시부품,101390
679,갤럭시부품,060720
679,갤럭시부품,089010
679,갤럭시부품,061040
679,갤럭시부품,051370
679,갤럭시부품,204270
679,갤럭시부품,005930
679,갤럭시부품,009150
679,갤럭시부품,033240
679,갤럭시부품,050110
679,갤럭시부품,125210
679,갤럭시부품,178920
679,갤럭시부품,294140
679,갤럭시부품,053450
268,건강기능식품,000100
268,건강기능식품,097950
268,건강기능식품,001680
268,건강기능식품,049770
268,건강기능식품,003940
268,건강기능식품,008490
268,건강기능식품,049960
268,건강기능식품,168330
268,건강기능식품,200130
268,건강기능식품,318010
268,건강기능식품,311390
268,건강기능식품,222040
268,건강기능식품,377220
268,건강기능식품,194700
268,건강기능식품,357230
268,건강기능식품,270870
268,건강기능식품,239610
322,건설사,013580
322,건설사,004200
322,건설사,005960
322,건설사,002410
322,건설사,001470
322,건설사,013700
322,건설사,005980
322,건설사,005450
322,건설사,003070
322,건설사,009410
322,건설사,014790
322,건설사,028100
322,건설사,021320
322,건설사,034300
322,건설사,044180
322,건설사,001260
322,건설사,091590
322,건설사,002150
322,건설사,025950
322,건설사,013120
322,건설사,042940
322,건설사,002290
322,건설사,001880
322,건설사,010960
322,건설사,011370
322,건설사,035890
322,건설사,011560
322,건설사,017000
322,건설사,023960
322,건설사,068150
322,건설사,046940
322,건설사,054930
322,건설사,016250
322,건설사,001840
322,건설사,013360
322,건설사,002780
322,건설사,023350
322,건설사,053690
322,건설사,002460
322,건설사,037440
322,건설사,012630
322,건설사,375500
322,건설사,047040
322,건설사,028260
322,건설사,002990
322,건설사,028050
322,건설사,000720
322,건설사,006360
322,건설사,294870
321,건설사(대형),011160
037,건자재,002380
037,건자재,039020
037,건자재,108670
037,건자재,079430
037,건자재,025900
037,건자재,011090
037,건자재,009240
037,건자재,171120
037,건자재,000180
037,건자재,002820
037,건자재,025750
037,건자재,183190
037,건자재,003410
037,건자재,004980
037,건자재,010780
037,건자재,066130
037,건자재,007210
037,건자재,018310
037,건자재,014280
037,건자재,008250
037,건자재,005750
037,건자재,192390
037,건자재,090410
037,건자재,037070
037,건자재,000860
037,건자재,006050
037,건자재,000320
037,건자재,006570
037,건자재,003580
037,건자재,006920
037,건자재,014580
037,건자재,004740
037,건자재,079650
037,건자재,022220
037,건자재,050760
037,건자재,900180
037,건자재,023410
037,건자재,007110
037,건자재,083660
037,건자재,101670
037,건자재,016800
037,건자재,035200
037,건자재,004590
037,건자재,004090
037,건자재,002000
037,건자재,060560
036,건축/인테리어,066620
036,건축/인테리어,020710
036,건축/인테리어,002380
036,건축/인테리어,039020
036,건축/인테리어,025750
036,건축/인테리어,037440
036,건축/인테리어,009240
036,건축/인테리어,025900
036,건축/인테리어,171120
014,게임,036570
014,게임,052790
014,게임,052190
014,게임,023770
014,게임,069080
014,게임,095660
014,게임,078340
014,게임,058630
014,게임,067000
014,게임,041140
014,게임,047560
014,게임,101730
014,게임,063080
014,게임,112040
014,게임,035420
014,게임,030350
014,게임,050120
014,게임,035620
014,게임,066270
014,게임,064260
014,게임,042420
014,게임,130960
014,게임,052770
014,게임,057680
014,게임,123420
014,게임,181710
014,게임,067160
014,게임,037340
014,게임,047080
014,게임,194480
014,게임,194510
014,게임,060240
014,게임,043710
014,게임,192080
014,게임,293490
014,게임,205500
014,게임,207760
014,게임,251270
014,게임,950180
014,게임,225570
014,게임,263750
014,게임,193250
014,게임,299910
014,게임,201490
014,게임,217270
014,게임,348030
014,게임,259960
014,게임,950190
915,고령화사회,049180
915,고령화사회,039200
915,고령화사회,067170
915,고령화사회,115480
915,고령화사회,052260
915,고령화사회,005250
915,고령화사회,032850
915,고령화사회,032620
915,고령화사회,033230
915,고령화사회,100700
368,골프용품/의류,308100
368,골프용품/의류,081660
368,골프용품/의류,215000
368,골프용품/의류,019010
368,골프용품/의류,121440
368,골프용품/의류,110790
368,골프용품/의류,025980
368,골프용품/의류,122450
368,골프용품/의류,111710
368,골프용품/의류,070960
368,골프용품/의류,365900
631,공기청정기,016920
631,공기청정기,067170
631,공기청정기,002700
631,공기청정기,092190
631,공기청정기,284740
631,공기청정기,071460
631,공기청정기,044340
631,공기청정기,058610
631,공기청정기,352700
631,공기청정기,045520
631,공기청정기,021240
966,공작기계,101680
966,공작기계,011210
966,공작기계,000850
966,공작기계,010660
966,공작기계,095190
966,공작기계,025890
966,공작기계,003570
966,공작기계,019210
966,공작기계,047400
966,공작기계,089140
966,공작기계,009160
966,공작기계,004380
966,공작기계,099440
966,공작기계,045890
966,공작기계,100660
966,공작기계,195990
966,공작기계,141070
805,관이음쇠,023160
805,관이음쇠,014620
805,관이음쇠,013030
805,관이음쇠,095300
805,관이음쇠,086670
805,관이음쇠,073640
805,관이음쇠,105740
981,광고,230360
981,광고,321820
981,광고,236810
981,광고,237820
981,광고,048550
981,광고,263700
981,광고,216050
981,광고,214270
981,광고,127710
981,광고,214320
981,광고,089600
981,광고,051160
981,광고,123570
981,광고,037270
981,광고,010470
981,광고,035000
981,광고,030000
045,광통신,051980
045,광통신,056360
045,광통신,069540
045,광통신,078070
045,광통신,033790
045,광통신,035460
045,광통신,032500
045,광통신,051390
045,광통신,022100
045,광통신,039560
045,광통신,006260
045,광통신,010170
045,광통신,014820
045,광통신,091440
045,광통신,218410
045,광통신,264450
090,교육,053290
090,교육,068930
090,교육,057030
090,교육,072870
090,교육,019680
090,교육,067280
090,교육,020710
090,교육,040420
090,교육,068290
090,교육,096240
090,교육,036000
090,교육,033110
090,교육,095720
090,교육,100220
090,교육,015020
090,교육,134060
090,교육,035290
090,교육,060240
090,교육,032800
090,교육,133750
090,교육,215200
090,교육,289010
090,교육,225330
998,구리,006260
998,구리,103140
998,구리,025820
998,구리,012800
998,구리,000670
998,구리,010130
998,구리,021050
348,구충제,260660
348,구충제,017180
348,구충제,086060
348,구충제,061250
348,구충제,052670
348,구충제,034940
348,구충제,019170
047,국가재난,039980
047,국가재난,149940
047,국가재난,033540
047,국가재난,099830
119,그래핀,064760
119,그래핀,005290
119,그래핀,059100
119,그래핀,012450
119,그래핀,027580
119,그래핀,078130
128,그린홈,039020
128,그린홈,009450
128,그린홈,040160
128,그린홈,079000
128,그린홈,108670
128,그린홈,002380
128,그린홈,033100
128,그린홈,009830
128,그린홈,010120
128,그린홈,095910
128,그린홈,044340
128,그린홈,037440
144,근거리통신망,052400
144,근거리통신망,089850
144,근거리통신망,091700
144,근거리통신망,070300
144,근거리통신망,005930
144,근거리통신망,030200
144,근거리통신망,017670
144,근거리통신망,089010
144,근거리통신망,038680
144,근거리통신망,065450
144,근거리통신망,060230
144,근거리통신망,040160
144,근거리통신망,096690
144,근거리통신망,088800
144,근거리통신망,224110
144,근거리통신망,038620
144,근거리통신망,052710
902,금,037950
902,금,022220
902,금,003160
902,금,010130
902,금,007460
924,급속충전,002230
924,급속충전,080530
924,급속충전,047310
318,기계,042670
318,기계,034020
318,기계,009540
318,기계,041440
318,기계,036890
318,기계,017800
318,기계,077970
318,기계,044490
318,기계,053660
318,기계,044060
318,기계,067990
318,기계,145210
318,기계,195990
318,기계,012200
318,기계,014200
318,기계,900070
318,기계,092440
318,기계,051490
318,기계,058730
318,기계,085910
318,기계,089140
318,기계,126870
318,기계,015590
318,기계,000490
318,기계,008830
318,기계,015230
318,기계,002900
318,기계,104460
318,기계,109860
318,기계,090360
318,기계,051170
318,기계,141070
318,기계,083650
318,기계,086670
318,기계,054540
318,기계,073640
318,기계,004380
318,기계,100660
318,기계,014620
318,기계,017550
318,기계,084180
318,기계,099440
318,기계,138070
318,기계,007820
318,기계,060310
318,기계,050860
318,기계,019990
318,기계,009160
318,기계,043340
318,기계,071670
318,기계,095300
318,기계,036560
318,기계,019210
318,기계,101170
318,기계,017370
318,기계,105840
318,기계,049800
318,기계,900130
318,기계,074610
318,기계,095190
318,기계,078940
318,기계,147830
318,기계,016920
318,기계,024880
318,기계,049430
318,기계,019770
318,기계,023160
318,기계,033540
318,기계,119500
318,기계,053160
318,기계,044780
318,기계,101680
318,기계,011700
318,기계,039610
318,기계,010660
318,기계,010240
318,기계,264660
318,기계,105740
318,기계,010400
318,기계,317850
318,기계,241560
318,기계,148140
318,기계,267270
932,난방기,009450
932,난방기,008470
932,난방기,037070
932,난방기,117580
932,난방기,002700
283,남-북-러 가스관사업,100090
283,남-북-러 가스관사업,008420
283,남-북-러 가스관사업,306200
283,남-북-러 가스관사업,095190
283,남-북-러 가스관사업,105740
283,남-북-러 가스관사업,085310
283,남-북-러 가스관사업,008970
283,남-북-러 가스관사업,026940
283,남-북-러 가스관사업,017480
283,남-북-러 가스관사업,060380
283,남-북-러 가스관사업,005010
283,남-북-러 가스관사업,044060
283,남-북-러 가스관사업,071090
283,남-북-러 가스관사업,048470
283,남-북-러 가스관사업,039610
170,남북경협,000720
170,남북경협,011760
170,남북경협,011200
170,남북경협,002100
170,남북경협,025860
170,남북경협,001550
170,남북경협,000830
170,남북경협,005250
170,남북경협,003800
170,남북경협,024950
170,남북경협,001470
170,남북경협,026040
170,남북경협,049630
170,남북경협,009270
170,남북경협,025980
170,남북경협,033340
170,남북경협,001840
170,남북경협,017800
170,남북경협,005110
170,남북경협,045390
170,남북경협,064350
171,내비게이션,084730
171,내비게이션,038950
171,내비게이션,012330
171,내비게이션,161570
171,내비게이션,056000
171,내비게이션,064960
171,내비게이션,087260
171,내비게이션,060570
088,냉방기,002700
088,냉방기,067170
088,냉방기,377460
088,냉방기,071460
210,네트워크장비,039560
210,네트워크장비,040670
210,네트워크장비,033320
210,네트워크장비,038680
210,네트워크장비,094860
210,네트워크장비,046110
210,네트워크장비,042500
210,네트워크장비,033230
210,네트워크장비,051980
210,네트워크장비,056360
210,네트워크장비,069540
210,네트워크장비,078070
210,네트워크장비,031820
210,네트워크장비,040160
210,네트워크장비,049480
210,네트워크장비,170790
210,네트워크장비,065570
210,네트워크장비,026260
210,네트워크장비,138080
210,네트워크장비,200230
210,네트워크장비,187220
210,네트워크장비,189300
172,농업,025860
172,농업,001390
172,농업,001550
172,농업,004000
172,농업,006380
172,농업,097870
172,농업,054050
172,농업,002100
172,농업,050860
172,농업,002900
172,농업,000490
172,농업,119500
172,농업,007590
172,농업,053980
172,농업,060590
172,농업,035810
172,농업,003080
172,농업,069260
172,농업,006980
172,농업,025880
172,농업,154030
172,농업,186230
172,농업,011500
172,농업,016790
172,농업,290380
172,농업,005860
993,뇌질환,016580
993,뇌질환,000640
993,뇌질환,002620
993,뇌질환,069620
993,뇌질환,001060
993,뇌질환,060590
993,뇌질환,039200
993,뇌질환,065650
993,뇌질환,085660
993,뇌질환,220100
993,뇌질환,004310
993,뇌질환,208370
993,뇌질환,175250
993,뇌질환,170900
993,뇌질환,003850
993,뇌질환,002800
993,뇌질환,268600
993,뇌질환,052260
993,뇌질환,017180
993,뇌질환,078160
993,뇌질환,326030
993,뇌질환,082270
993,뇌질환,007390
993,뇌질환,087010
993,뇌질환,284620
993,뇌질환,298380
993,뇌질환,014570
993,뇌질환,285130
993,뇌질환,249420
993,뇌질환,003000
054,닭고기,024660
054,닭고기,027740
054,닭고기,088910
054,닭고기,136480
054,닭고기,035810
054,닭고기,003380
054,닭고기,195500
054,닭고기,290720
054,닭고기,066360
054,닭고기,339770
350,대체에너지,018000
350,대체에너지,003580
350,대체에너지,033500
350,대체에너지,047050
350,대체에너지,036460
350,대체에너지,004690
350,대체에너지,024800
350,대체에너지,003010
350,대체에너지,128820
963,대체육,004000
963,대체육,027410
963,대체육,041910
963,대체육,048530
963,대체육,044480
963,대체육,248170
963,대체육,006880
137,데크플레이트,090410
137,데크플레이트,038010
137,데크플레이트,192390
137,데크플레이트,058730
174,도시가스,004690
174,도시가스,017390
174,도시가스,015360
174,도시가스,012320
174,도시가스,015350
174,도시가스,008020
174,도시가스,034590
174,도시가스,016710
174,도시가스,071320
174,도시가스,053050
174,도시가스,117580
174,도시가스,036460
174,도시가스,267290
174,도시가스,018670
175,도시재생사업,000720
175,도시재생사업,006360
175,도시재생사업,047040
175,도시재생사업,000830
175,도시재생사업,012630
175,도시재생사업,000210
175,도시재생사업,002990
175,도시재생사업,003070
175,도시재생사업,004960
175,도시재생사업,005960
175,도시재생사업,037440
175,도시재생사업,009410
175,도시재생사업,011160
175,도시재생사업,013580
175,도시재생사업,028050
175,도시재생사업,069140
192,돼지고기,027710
192,돼지고기,036580
192,돼지고기,001680
192,돼지고기,195500
192,돼지고기,073560
806,드론,223310
806,드론,033320
806,드론,106520
806,드론,003490
806,드론,000120
806,드론,010820
806,드론,126870
806,드론,051380
806,드론,076610
806,드론,097520
806,드론,177350
806,드론,033110
806,드론,306620
806,드론,178780
806,드론,005870
806,드론,065450
083,디지털방송,028080
083,디지털방송,078890
083,디지털방송,064240
083,디지털방송,058220
083,디지털방송,057880
083,디지털방송,115160
064,디지털음원,016170
064,디지털음원,041510
064,디지털음원,043610
064,디지털음원,053110
064,디지털음원,104200
149,라면,004370
149,라면,003230
149,라면,007310
040,라이파이,069540
040,라이파이,091440
040,라이파이,011690
040,라이파이,109080
040,라이파이,023800
040,라이파이,037330
066,로봇,010820
066,로봇,032820
066,로봇,054630
066,로봇,053350
066,로봇,056080
066,로봇,033110
066,로봇,090710
066,로봇,051170
066,로봇,099440
066,로봇,090360
066,로봇,094940
066,로봇,141070
066,로봇,060280
066,로봇,108860
066,로봇,277810
066,로봇,098460
066,로봇,052020
066,로봇,317830
066,로봇,004380
066,로봇,108490
066,로봇,270660
066,로봇,388720
066,로봇,117730
066,로봇,012450
066,로봇,059270
066,로봇,215100
066,로봇,058610
080,리츠,034830
080,리츠,145270
080,리츠,008020
080,리츠,140910
080,리츠,338100
080,리츠,019300
080,리츠,204210
080,리츠,293940
080,리츠,210980
080,리츠,395400
080,리츠,088260
080,리츠,330590
080,리츠,417310
080,리츠,317400
582,마리화나(대마) 관련주,039230
582,마리화나(대마) 관련주,052420
582,마리화나(대마) 관련주,214310
582,마리화나(대마) 관련주,900100
068,마스크/손세척,045060
068,마스크/손세척,044820
068,마스크/손세척,014100
068,마스크/손세척,018120
068,마스크/손세척,001060
068,마스크/손세척,078140
068,마스크/손세척,083550
068,마스크/손세척,065950
068,마스크/손세척,045520
068,마스크/손세척,102280
068,마스크/손세척,228670
068,마스크/손세척,002070
068,마스크/손세척,294140
068,마스크/손세척,352700
068,마스크/손세척,012690
118,마이크로LED,214310
118,마이크로LED,017900
118,마이크로LED,089890
118,마이크로LED,066310
118,마이크로LED,062860
118,마이크로LED,046890
118,마이크로LED,143540
118,마이크로LED,038060
306,메르스바이러스,018620
306,메르스바이러스,044960
306,메르스바이러스,106190
306,메르스바이러스,038070
306,메르스바이러스,009420
306,메르스바이러스,007370
306,메르스바이러스,072020
306,메르스바이러스,052670
306,메르스바이러스,002630
306,메르스바이러스,014570
306,메르스바이러스,005500
306,메르스바이러스,011000
306,메르스바이러스,003060
306,메르스바이러스,001340
306,메르스바이러스,215380
689,메타버스,171090
689,메타버스,089890
689,메타버스,206560
689,메타버스,291230
689,메타버스,094360
689,메타버스,086960
689,메타버스,289220
689,메타버스,150840
689,메타버스,109080
689,메타버스,217270
689,메타버스,059120
689,메타버스,377030
689,메타버스,041510
689,메타버스,299900
689,메타버스,347860
689,메타버스,276040
689,메타버스,036570
689,메타버스,054620
689,메타버스,352820
689,메타버스,035420
689,메타버스,303530
689,메타버스,122870
106,면세점 관련주,008770
106,면세점 관련주,023530
106,면세점 관련주,004170
106,면세점 관련주,069960
106,면세점 관련주,950170
557,면역항암제,950220
557,면역항암제,298380
557,면역항암제,321550
557,면역항암제,299660
557,면역항암제,031390
557,면역항암제,083640
557,면역항암제,235980
557,면역항암제,174900
557,면역항암제,033180
557,면역항암제,314130
557,면역항암제,263050
557,면역항암제,003520
557,면역항암제,323990
557,면역항암제,144510
557,면역항암제,009420
557,면역항암제,084990
557,면역항암제,085660
557,면역항암제,001540
557,면역항암제,052020
557,면역항암제,215600
557,면역항암제,095700
557,면역항암제,083790
557,면역항암제,000100
557,면역항암제,170900
557,면역항암제,115180
557,면역항암제,308080
557,면역항암제,182400
557,면역항암제,086890
254,모바일솔루션,065440
254,모바일솔루션,039290
254,모바일솔루션,100030
254,모바일솔루션,094480
254,모바일솔루션,089850
254,모바일솔루션,041020
254,모바일솔루션,064260
254,모바일솔루션,051160
254,모바일솔루션,086960
254,모바일솔루션,064800
254,모바일솔루션,290510
254,모바일솔루션,079970
254,모바일솔루션,115610
254,모바일솔루션,039560
254,모바일솔루션,065370
254,모바일솔루션,078000
254,모바일솔루션,072130
254,모바일솔루션,153460
254,모바일솔루션,108860
254,모바일솔루션,042000
254,모바일솔루션,139670
255,모바일이코노미,057030
255,모바일이코노미,039290
255,모바일이코노미,018700
255,모바일이코노미,041020
255,모바일이코노미,030520
255,모바일이코노미,189690
255,모바일이코노미,068290
255,모바일이코노미,214180
255,모바일이코노미,020120
255,모바일이코노미,263720
255,모바일이코노미,207760
255,모바일이코노미,208860
255,모바일이코노미,046440
255,모바일이코노미,035420
255,모바일이코노미,053110
255,모바일이코노미,078340
255,모바일이코노미,032540
255,모바일이코노미,054920
255,모바일이코노미,017670
255,모바일이코노미,063080
255,모바일이코노미,040300
255,모바일이코노미,057680
255,모바일이코노미,030200
255,모바일이코노미,104200
255,모바일이코노미,043610
255,모바일이코노미,035720
255,모바일이코노미,064260
255,모바일이코노미,108860
255,모바일이코노미,042420
255,모바일이코노미,036030
255,모바일이코노미,075130
320,목재,002820
320,목재,000180
320,목재,008250
320,목재,039020
320,목재,025750
013,무선충전,061040
013,무선충전,043590
013,무선충전,089010
013,무선충전,054210
013,무선충전,079960
013,무선충전,012340
013,무선충전,009150
013,무선충전,004710
013,무선충전,052710
013,무선충전,357580
138,미디어,086980
138,미디어,034120
138,미디어,130960
138,미디어,089600
138,미디어,047820
138,미디어,068290
138,미디어,046390
138,미디어,002420
138,미디어,115570
138,미디어,039670
138,미디어,066790
138,미디어,037560
138,미디어,039340
138,미디어,040300
138,미디어,011420
138,미디어,003560
138,미디어,052220
138,미디어,101060
138,미디어,046140
138,미디어,052300
138,미디어,041510
138,미디어,173940
138,미디어,036000
138,미디어,010470
138,미디어,122870
138,미디어,036260
138,미디어,123570
138,미디어,035900
138,미디어,016170
138,미디어,058420
138,미디어,036420
138,미디어,030000
138,미디어,035000
138,미디어,066410
138,미디어,063440
138,미디어,058400
138,미디어,122450
138,미디어,053210
138,미디어,182360
138,미디어,054780
138,미디어,121800
138,미디어,068050
138,미디어,126560
138,미디어,035760
138,미디어,299900
138,미디어,253450
138,미디어,230360
138,미디어,263720
138,미디어,317530
138,미디어,237820
138,미디어,241840
019,미세먼지,021240
019,미세먼지,045520
019,미세먼지,044340
019,미세먼지,060310
019,미세먼지,080470
019,미세먼지,065950
019,미세먼지,043100
019,미세먼지,065160
019,미세먼지,317870
019,미세먼지,002700
019,미세먼지,148140
019,미세먼지,037070
019,미세먼지,084730
019,미세먼지,012690
019,미세먼지,071460
019,미세먼지,009450
019,미세먼지,079190
019,미세먼지,045060
019,미세먼지,187790
019,미세먼지,119650
019,미세먼지,000520
019,미세먼지,066130
019,미세먼지,069140
019,미세먼지,256150
019,미세먼지,099660
011,바이오,038290
011,바이오,036480
011,바이오,034940
011,바이오,063160
011,바이오,052260
011,바이오,060590
011,바이오,041960
011,바이오,054670
011,바이오,049960
011,바이오,053030
011,바이오,041910
011,바이오,068870
011,바이오,061250
011,바이오,016580
011,바이오,002250
011,바이오,067080
011,바이오,038070
011,바이오,067290
011,바이오,007370
011,바이오,084990
011,바이오,064550
011,바이오,052020
011,바이오,078160
011,바이오,084650
011,바이오,142280
011,바이오,068270
011,바이오,086900
011,바이오,048530
011,바이오,096530
011,바이오,191420
011,바이오,196170
011,바이오,187420
011,바이오,138610
011,바이오,054050
011,바이오,127120
011,바이오,068330
011,바이오,141080
011,바이오,086040
011,바이오,138360
011,바이오,002630
011,바이오,095700
011,바이오,109820
011,바이오,005690
011,바이오,145020
011,바이오,115180
011,바이오,153710
011,바이오,226950
011,바이오,246710
011,바이오,293780
011,바이오,244460
011,바이오,331920
011,바이오,086820
011,바이오,215600
011,바이오,268600
011,바이오,028300
011,바이오,228760
011,바이오,207940
011,바이오,091990
011,바이오,299660
011,바이오,253840
011,바이오,144510
011,바이오,298060
011,바이오,298380
011,바이오,246960
011,바이오,072520
011,바이오,229000
011,바이오,263050
011,바이오,115450
011,바이오,110020
011,바이오,216080
011,바이오,082270
367,바이오가스플랜트,038870
367,바이오가스플랜트,035810
367,바이오가스플랜트,009410
367,바이오가스플랜트,018000
367,바이오가스플랜트,047040
367,바이오가스플랜트,023350
367,바이오가스플랜트,114190
141,바이오시밀러,086890
141,바이오시밀러,068270
141,바이오시밀러,068870
141,바이오시밀러,009420
141,바이오시밀러,006280
141,바이오시밀러,128940
141,바이오시밀러,017180
141,바이오시밀러,000640
141,바이오시밀러,038290
141,바이오시밀러,095700
141,바이오시밀러,003060
141,바이오시밀러,009830
141,바이오시밀러,068760
141,바이오시밀러,196170
141,바이오시밀러,084650
141,바이오시밀러,222110
141,바이오시밀러,053030
141,바이오시밀러,950210
141,바이오시밀러,260660
365,바이오에탄올,003070
365,바이오에탄올,023150
365,바이오에탄올,023900
365,바이오에탄올,038290
365,바이오에탄올,001790
456,바이오인식(생체인식),042510
456,바이오인식(생체인식),076610
456,바이오인식(생체인식),047310
456,바이오인식(생체인식),036810
456,바이오인식(생체인식),094170
456,바이오인식(생체인식),111870
456,바이오인식(생체인식),203650
456,바이오인식(생체인식),097520
456,바이오인식(생체인식),192650
456,바이오인식(생체인식),131090
456,바이오인식(생체인식),317770
456,바이오인식(생체인식),203450
456,바이오인식(생체인식),096640
456,바이오인식(생체인식),077500
456,바이오인식(생체인식),114120
456,바이오인식(생체인식),208710
456,바이오인식(생체인식),091700
456,바이오인식(생체인식),236200
456,바이오인식(생체인식),347860
004,반도체/반도체장비,029460
004,반도체/반도체장비,011930
004,반도체/반도체장비,036930
004,반도체/반도체장비,030530
004,반도체/반도체장비,031980
004,반도체/반도체장비,039030
004,반도체/반도체장비,050110
004,반도체/반도체장비,033160
004,반도체/반도체장비,051780
004,반도체/반도체장비,058470
004,반도체/반도체장비,045100
004,반도체/반도체장비,037350
004,반도체/반도체장비,036540
004,반도체/반도체장비,057500
004,반도체/반도체장비,073570
004,반도체/반도체장비,042700
004,반도체/반도체장비,089890
004,반도체/반도체장비,033640
004,반도체/반도체장비,083450
004,반도체/반도체장비,083310
004,반도체/반도체장비,098460
004,반도체/반도체장비,067310
004,반도체/반도체장비,084370
004,반도체/반도체장비,079370
004,반도체/반도체장비,090470
004,반도체/반도체장비,052900
004,반도체/반도체장비,089790
004,반도체/반도체장비,086390
004,반도체/반도체장비,131290
004,반도체/반도체장비,009310
004,반도체/반도체장비,036200
004,반도체/반도체장비,095610
004,반도체/반도체장비,098120
004,반도체/반도체장비,200710
004,반도체/반도체장비,131970
004,반도체/반도체장비,101490
004,반도체/반도체장비,080580
004,반도체/반도체장비,200470
004,반도체/반도체장비,214310
004,반도체/반도체장비,101400
004,반도체/반도체장비,087730
004,반도체/반도체장비,093640
004,반도체/반도체장비,020120
004,반도체/반도체장비,000990
004,반도체/반도체장비,003160
004,반도체/반도체장비,092070
004,반도체/반도체장비,171010
004,반도체/반도체장비,024850
004,반도체/반도체장비,093520
004,반도체/반도체장비,064520
004,반도체/반도체장비,219130
004,반도체/반도체장비,217190
004,반도체/반도체장비,045300
004,반도체/반도체장비,104120
004,반도체/반도체장비,104110
004,반도체/반도체장비,095340
004,반도체/반도체장비,038880
004,반도체/반도체장비,117670
004,반도체/반도체장비,000660
004,반도체/반도체장비,039440
004,반도체/반도체장비,054630
004,반도체/반도체장비,089530
004,반도체/반도체장비,170920
004,반도체/반도체장비,104830
004,반도체/반도체장비,101160
004,반도체/반도체장비,097800
004,반도체/반도체장비,077500
004,반도체/반도체장비,064290
004,반도체/반도체장비,082270
004,반도체/반도체장비,114570
004,반도체/반도체장비,094360
004,반도체/반도체장비,083550
004,반도체/반도체장비,092220
004,반도체/반도체장비,140070
004,반도체/반도체장비,160980
004,반도체/반도체장비,089030
004,반도체/반도체장비,348210
004,반도체/반도체장비,142210
004,반도체/반도체장비,348350
004,반도체/반도체장비,330860
004,반도체/반도체장비,108320
004,반도체/반도체장비,240810
004,반도체/반도체장비,166090
004,반도체/반도체장비,083500
004,반도체/반도체장비,183300
004,반도체/반도체장비,252990
004,반도체/반도체장비,187870
004,반도체/반도체장비,182690
004,반도체/반도체장비,412350
004,반도체/반도체장비,319660
004,반도체/반도체장비,092870
004,반도체/반도체장비,327260
004,반도체/반도체장비,224060
004,반도체/반도체장비,122640
004,반도체/반도체장비,265520
004,반도체/반도체장비,322310
004,반도체/반도체장비,195870
004,반도체/반도체장비,253590
004,반도체/반도체장비,178320
004,반도체/반도체장비,177350
004,반도체/반도체장비,005930
004,반도체/반도체장비,311320
004,반도체/반도체장비,232680
004,반도체/반도체장비,146320
004,반도체/반도체장비,089970
005,반도체재료,005290
005,반도체재료,033160
005,반도체재료,059090
005,반도체재료,033640
005,반도체재료,036830
005,반도체재료,064760
005,반도체재료,057500
005,반도체재료,036710
005,반도체재료,074600
005,반도체재료,077360
005,반도체재료,080520
005,반도체재료,036540
005,반도체재료,102710
005,반도체재료,102120
005,반도체재료,017900
005,반도체재료,032940
005,반도체재료,094170
005,반도체재료,115610
005,반도체재료,014680
005,반도체재료,036490
005,반도체재료,317330
005,반도체재료,093370
103,밥솥,024940
103,밥솥,014470
103,밥솥,192400
103,밥솥,225650
151,방사능,033270
151,방사능,120240
151,방사능,078140
151,방사능,045520
151,방사능,042040
151,방사능,065950
151,방사능,001360
151,방사능,046120
151,방사능,036180
151,방사능,065170
017,방위산업,005870
017,방위산업,065450
017,방위산업,012450
017,방위산업,038060
017,방위산업,006050
017,방위산업,009540
017,방위산업,095190
017,방위산업,013810
017,방위산업,065570
017,방위산업,010820
017,방위산업,068790
017,방위산업,103140
017,방위산업,065950
017,방위산업,077970
017,방위산업,035460
017,방위산업,024740
017,방위산업,003570
017,방위산업,047810
017,방위산업,079550
017,방위산업,119500
017,방위산업,214430
017,방위산업,272210
017,방위산업,064350
017,방위산업,230980
017,방위산업,274090
096,배터리,004490
096,배터리,023890
096,배터리,082920
096,배터리,006400
096,배터리,051910
169,백신여권,184230
169,백신여권,017670
169,백신여권,030200
169,백신여권,263700
169,백신여권,042510
021,백화점/홈쇼핑/편의점,004170
021,백화점/홈쇼핑/편의점,006370
021,백화점/홈쇼핑/편의점,027390
021,백화점/홈쇼핑/편의점,005440
021,백화점/홈쇼핑/편의점,019010
021,백화점/홈쇼핑/편의점,037710
021,백화점/홈쇼핑/편의점,007070
021,백화점/홈쇼핑/편의점,035760
021,백화점/홈쇼핑/편의점,028150
021,백화점/홈쇼핑/편의점,069960
021,백화점/홈쇼핑/편의점,023530
021,백화점/홈쇼핑/편의점,057050
021,백화점/홈쇼핑/편의점,139480
021,백화점/홈쇼핑/편의점,071840
021,백화점/홈쇼핑/편의점,027410
021,백화점/홈쇼핑/편의점,138250
021,백화점/홈쇼핑/편의점,067830
021,백화점/홈쇼핑/편의점,051160
021,백화점/홈쇼핑/편의점,282330
975,보안(물리),083640
975,보안(물리),039010
975,보안(물리),214870
975,보안(물리),143160
975,보안(물리),092600
975,보안(물리),139050
975,보안(물리),290270
975,보안(물리),006140
975,보안(물리),019490
975,보안(물리),012750
975,보안(물리),094840
975,보안(물리),264850
975,보안(물리),012450
975,보안(물리),099520
975,보안(물리),087600
975,보안(물리),236200
010,보안(정보),053800
010,보안(정보),037340
010,보안(정보),054920
010,보안(정보),053350
010,보안(정보),081970
010,보안(정보),067920
010,보안(정보),049470
010,보안(정보),053300
010,보안(정보),153460
010,보안(정보),070300
010,보안(정보),042510
010,보안(정보),100030
010,보안(정보),150900
010,보안(정보),131090
010,보안(정보),136540
010,보안(정보),356890
010,보안(정보),263860
010,보안(정보),317120
010,보안(정보),290270
010,보안(정보),258790
010,보안(정보),192250
010,보안(정보),286750
010,보안(정보),158430
010,보안(정보),203650
968,보톡스,069620
968,보톡스,214450
968,보톡스,243070
968,보톡스,061040
968,보톡스,109740
968,보톡스,086900
968,보톡스,145020
968,보톡스,216080
968,보톡스,084110
328,보험,000810
328,보험,002550
328,보험,005830
328,보험,001450
328,보험,003690
328,보험,000060
328,보험,000540
328,보험,000370
328,보험,000400
328,보험,088350
328,보험,082640
328,보험,032830
328,보험,085620
328,보험,138040
153,복합화력발전,034020
153,복합화력발전,083650
153,복합화력발전,100840
153,복합화력발전,051310
286,북한광물자원개발,128660
286,북한광물자원개발,025890
286,북한광물자원개발,054540
286,북한광물자원개발,017550
286,북한광물자원개발,013310
286,북한광물자원개발,037950
286,북한광물자원개발,222420
286,북한광물자원개발,012320
286,북한광물자원개발,096350
286,북한광물자원개발,002360
286,북한광물자원개발,101170
286,북한광물자원개발,041440
286,북한광물자원개발,010040
286,북한광물자원개발,027580
286,북한광물자원개발,012160
286,북한광물자원개발,009520
286,북한광물자원개발,081150
286,북한광물자원개발,011760
286,북한광물자원개발,075970
286,북한광물자원개발,003670
282,북한전력설비,034020
282,북한전력설비,010120
282,북한전력설비,237750
282,북한전력설비,298040
282,북한전력설비,189860
282,북한전력설비,017510
282,북한전력설비,033100
282,북한전력설비,015760
282,북한전력설비,130660
282,북한전력설비,024810
282,북한전력설비,147830
282,북한전력설비,267260
282,북한전력설비,103590
282,북한전력설비,051600
282,북한전력설비,000500
282,북한전력설비,007610
282,북한전력설비,017040
282,북한전력설비,042370
282,북한전력설비,001440
282,북한전력설비,006910
282,북한전력설비,006260
282,북한전력설비,006340
831,블록체인,041460
831,블록체인,018260
831,블록체인,068940
831,블록체인,038160
831,블록체인,184230
831,블록체인,950110
831,블록체인,192250
831,블록체인,044380
831,블록체인,131090
831,블록체인,150900
831,블록체인,139050
831,블록체인,053350
831,블록체인,203650
831,블록체인,042510
831,블록체인,054920
258,비료,006380
258,비료,290380
258,비료,001420
258,비료,033250
258,비료,018620
258,비료,097870
258,비료,014580
258,비료,004000
258,비료,001550
258,비료,025860
258,비료,001390
132,비철금속,012800
132,비철금속,009520
132,비철금속,005810
132,비철금속,000300
132,비철금속,008350
132,비철금속,103140
132,비철금속,000670
132,비철금속,001780
132,비철금속,006110
132,비철금속,004560
132,비철금속,009190
132,비철금속,018470
132,비철금속,032560
132,비철금속,025820
132,비철금속,081150
132,비철금속,021050
132,비철금속,010130
132,비철금속,128660
132,비철금속,069460
132,비철금속,186230
132,비철금속,015890
132,비철금속,060480
132,비철금속,037760
996,빅데이터,300080
996,빅데이터,086960
996,빅데이터,301300
996,빅데이터,032680
996,빅데이터,205100
996,빅데이터,065370
996,빅데이터,036030
996,빅데이터,035720
996,빅데이터,012510
996,빅데이터,181710
996,빅데이터,035420
259,사료,035810
259,사료,001790
259,사료,025880
259,사료,016790
259,사료,008040
259,사료,003310
259,사료,005860
259,사료,027710
259,사료,002140
259,사료,136490
259,사료,218150
259,사료,002680
259,사료,097950
259,사료,006980
259,사료,018620
259,사료,036580
259,사료,060590
048,사물인터넷,018290
048,사물인터넷,149940
048,사물인터넷,038620
048,사물인터넷,094280
048,사물인터넷,040160
048,사물인터넷,117670
048,사물인터넷,054220
048,사물인터넷,041460
048,사물인터넷,049080
048,사물인터넷,069410
048,사물인터넷,038680
048,사물인터넷,122990
048,사물인터넷,011090
048,사물인터넷,052710
048,사물인터넷,015710
048,사물인터넷,131970
048,사물인터넷,039560
048,사물인터넷,042500
048,사물인터넷,101390
048,사물인터넷,096870
048,사물인터넷,091440
048,사물인터넷,037400
048,사물인터넷,033180
048,사물인터넷,043260
048,사물인터넷,036690
048,사물인터넷,039420
048,사물인터넷,032580
048,사물인터넷,200710
048,사물인터넷,131220
048,사물인터넷,064520
048,사물인터넷,049470
048,사물인터넷,059210
048,사물인터넷,049480
048,사물인터넷,032750
048,사물인터넷,317120
936,삼성페이,115310
936,삼성페이,042510
936,삼성페이,065440
936,삼성페이,224110
936,삼성페이,192250
936,삼성페이,036800
936,삼성페이,061040
936,삼성페이,079970
936,삼성페이,064260
936,삼성페이,091700
936,삼성페이,097870
936,삼성페이,053300
936,삼성페이,203650
936,삼성페이,025770
936,삼성페이,060250
936,삼성페이,035600
936,삼성페이,004710
936,삼성페이,046440
936,삼성페이,094280
936,삼성페이,027040
936,삼성페이,053350
936,삼성페이,060230
936,삼성페이,089850
936,삼성페이,052710
936,삼성페이,094480
059,상사,001120
059,상사,011760
059,상사,001740
059,상사,002810
059,상사,047050
340,석유화학,051910
340,석유화학,011170
340,석유화학,009830
340,석유화학,011790
340,석유화학,000860
340,석유화학,007690
340,석유화학,014530
340,석유화학,002380
340,석유화학,011780
340,석유화학,025860
340,석유화학,006650
340,석유화학,004830
340,석유화학,005190
340,석유화학,010060
340,석유화학,003650
340,석유화학,002760
340,석유화학,004000
340,석유화학,003720
340,석유화학,003080
340,석유화학,004430
340,석유화학,006840
340,석유화학,014440
340,석유화학,008730
340,석유화학,005950
340,석유화학,000760
340,석유화학,051630
340,석유화학,006380
340,석유화학,025000
340,석유화학,002960
340,석유화학,010640
340,석유화학,014680
340,석유화학,025850
340,석유화학,004800
340,석유화학,089470
340,석유화학,096770
340,석유화학,138490
340,석유화학,024060
340,석유화학,178920
340,석유화학,078930
340,석유화학,010950
340,석유화학,010955
340,석유화학,012610
340,석유화학,001570
340,석유화학,091970
340,석유화학,024890
340,석유화학,120240
340,석유화학,003830
340,석유화학,008000
340,석유화학,023450
340,석유화학,007590
340,석유화학,102260
340,석유화학,033500
340,석유화학,041930
340,석유화학,107590
340,석유화학,001340
340,석유화학,002840
340,석유화학,134380
340,석유화학,013000
340,석유화학,101240
340,석유화학,161000
340,석유화학,002360
340,석유화학,036640
340,석유화학,004250
340,석유화학,048830
340,석유화학,045060
340,석유화학,014190
340,석유화학,008370
340,석유화학,024070
340,석유화학,014830
340,석유화학,036500
340,석유화학,000440
340,석유화학,003780
340,석유화학,065940
340,석유화학,001390
340,석유화학,083420
340,석유화학,042040
340,석유화학,005420
340,석유화학,007770
340,석유화학,003240
340,석유화학,298000
931,섬유/의류,093050
931,섬유/의류,009270
931,섬유/의류,005390
931,섬유/의류,020000
931,섬유/의류,081660
931,섬유/의류,017680
931,섬유/의류,084870
931,섬유/의류,120110
931,섬유/의류,105630
931,섬유/의류,111770
931,섬유/의류,000680
931,섬유/의류,001460
931,섬유/의류,016090
931,섬유/의류,047770
931,섬유/의류,093240
931,섬유/의류,098660
931,섬유/의류,102280
931,섬유/의류,900040
931,섬유/의류,900110
931,섬유/의류,011080
931,섬유/의류,033340
931,섬유/의류,065060
931,섬유/의류,090370
931,섬유/의류,008290
931,섬유/의류,088790
931,섬유/의류,069640
931,섬유/의류,011000
931,섬유/의류,007980
931,섬유/의류,028260
931,섬유/의류,014990
931,섬유/의류,002070
931,섬유/의류,000050
931,섬유/의류,065160
931,섬유/의류,030270
931,섬유/의류,005320
931,섬유/의류,001070
931,섬유/의류,001530
931,섬유/의류,155660
931,섬유/의류,008600
931,섬유/의류,026040
931,섬유/의류,039980
931,섬유/의류,003610
931,섬유/의류,035150
931,섬유/의류,025270
931,섬유/의류,002170
931,섬유/의류,011300
931,섬유/의류,001000
931,섬유/의류,031430
931,섬유/의류,005800
931,섬유/의류,025620
931,섬유/의류,013990
931,섬유/의류,032080
931,섬유/의류,101140
931,섬유/의류,004060
931,섬유/의류,001380
931,섬유/의류,010600
931,섬유/의류,011330
931,섬유/의류,003200
931,섬유/의류,000950
931,섬유/의류,159580
931,섬유/의류,130500
931,섬유/의류,004700
931,섬유/의류,033290
931,섬유/의류,006060
931,섬유/의류,110790
931,섬유/의류,267790
931,섬유/의류,366030
931,섬유/의류,263020
931,섬유/의류,003240
931,섬유/의류,383220
931,섬유/의류,111110
931,섬유/의류,306040
931,섬유/의류,241590
931,섬유/의류,308100
031,셋톱박스,028080
031,셋톱박스,052270
031,셋톱박스,035480
031,셋톱박스,057880
031,셋톱박스,064240
031,셋톱박스,038530
031,셋톱박스,078890
031,셋톱박스,115160
023,셰일가스,036460
023,셰일가스,018670
023,셰일가스,010140
023,셰일가스,005010
023,셰일가스,003030
023,셰일가스,100090
023,셰일가스,000210
023,셰일가스,000720
023,셰일가스,034020
023,셰일가스,083650
023,셰일가스,100840
023,셰일가스,051310
023,셰일가스,002360
023,셰일가스,099660
023,셰일가스,042660
023,셰일가스,009540
023,셰일가스,033500
023,셰일가스,017960
023,셰일가스,014620
023,셰일가스,023160
023,셰일가스,105740
023,셰일가스,085310
023,셰일가스,017940
023,셰일가스,021080
023,셰일가스,306200
363,소방기기,033540
363,소방기기,085310
363,소방기기,074610
107,송유관,008970
107,송유관,005010
107,송유관,003030
107,송유관,000970
107,송유관,001620
107,송유관,100090
107,송유관,306200
051,수산,003960
051,수산,006090
051,수산,030720
051,수산,025870
051,수산,003680
051,수산,007160
051,수산,004970
051,수산,006040
051,수산,900050
051,수산,011150
051,수산,014710
344,수소에너지,095190
344,수소에너지,094820
344,수소에너지,012340
344,수소에너지,336260
344,수소에너지,036460
344,수소에너지,288620
344,수소에너지,085310
344,수소에너지,382900
995,수소차,005380
995,수소차,059090
995,수소차,298000
995,수소차,298040
995,수소차,085310
995,수소차,271940
995,수소차,023900
995,수소차,013870
995,수소차,090080
995,수소차,080470
995,수소차,036460
995,수소차,095190
995,수소차,095910
995,수소차,144620
995,수소차,018880
995,수소차,126880
995,수소차,000270
995,수소차,012330
995,수소차,064960
995,수소차,033530
995,수소차,081000
995,수소차,145990
995,수소차,009320
995,수소차,215360
995,수소차,064350
995,수소차,126870
995,수소차,089980
995,수소차,011320
995,수소차,336260
995,수소차,288620
995,수소차,025320
995,수소차,009830
995,수소차,012340
995,수소차,298050
089,수자원,003070
089,수자원,034020
089,수자원,021240
089,수자원,000970
089,수자원,008970
089,수자원,009410
089,수자원,076080
089,수자원,025320
089,수자원,126870
089,수자원,074610
089,수자원,002150
089,수자원,060260
089,수자원,256150
089,수자원,376180
089,수자원,317870
035,슈퍼박테리아,102460
035,슈퍼박테리아,083790
035,슈퍼박테리아,005500
035,슈퍼박테리아,063160
035,슈퍼박테리아,000640
035,슈퍼박테리아,042040
035,슈퍼박테리아,100700
035,슈퍼박테리아,048530
050,스마트공장,319400
050,스마트공장,052710
050,스마트공장,036690
050,스마트공장,140670
050,스마트공장,040160
050,스마트공장,347890
050,스마트공장,010120
050,스마트공장,094280
050,스마트공장,022100
050,스마트공장,282880
050,스마트공장,317830
050,스마트공장,049080
050,스마트공장,039010
050,스마트공장,007820
050,스마트공장,090710
050,스마트공장,322180
050,스마트공장,012510
050,스마트공장,351330
050,스마트공장,086960
050,스마트공장,093320
050,스마트공장,004380
117,스마트그리드,103590
117,스마트그리드,040160
117,스마트그리드,010120
117,스마트그리드,007610
117,스마트그리드,022100
117,스마트그리드,001820
117,스마트그리드,002230
117,스마트그리드,057540
117,스마트그리드,006490
117,스마트그리드,054090
117,스마트그리드,000420
117,스마트그리드,052860
117,스마트그리드,082920
117,스마트그리드,033100
117,스마트그리드,067920
117,스마트그리드,017040
130,스마트카,053450
130,스마트카,012330
130,스마트카,089850
130,스마트카,086960
130,스마트카,011070
130,스마트카,118990
130,스마트카,000990
130,스마트카,038880
130,스마트카,204320
130,스마트카,087260
130,스마트카,097520
130,스마트카,352910
130,스마트카,039290
906,스마트폰,064260
906,스마트폰,046440
906,스마트폰,086960
906,스마트폰,154040
906,스마트폰,094190
906,스마트폰,078340
906,스마트폰,063080
906,스마트폰,104200
906,스마트폰,052710
906,스마트폰,064520
906,스마트폰,033240
906,스마트폰,108860
906,스마트폰,051390
906,스마트폰,052020
906,스마트폰,115610
906,스마트폰,025320
906,스마트폰,039560
906,스마트폰,096610
906,스마트폰,081580
906,스마트폰,082210
906,스마트폰,051370
906,스마트폰,062860
906,스마트폰,073110
906,스마트폰,049070
906,스마트폰,091700
906,스마트폰,009150
906,스마트폰,006400
906,스마트폰,034220
906,스마트폰,011070
906,스마트폰,060720
906,스마트폰,045970
906,스마트폰,077360
906,스마트폰,041020
906,스마트폰,043590
906,스마트폰,114120
906,스마트폰,039290
906,스마트폰,064800
906,스마트폰,065440
906,스마트폰,072130
906,스마트폰,074150
906,스마트폰,078000
906,스마트폰,079970
906,스마트폰,089850
906,스마트폰,100030
906,스마트폰,008060
906,스마트폰,007810
906,스마트폰,004130
906,스마트폰,036710
906,스마트폰,065680
906,스마트폰,082660
906,스마트폰,091120
906,스마트폰,065270
906,스마트폰,054210
906,스마트폰,093920
906,스마트폰,101330
906,스마트폰,192440
906,스마트폰,178920
906,스마트폰,096630
906,스마트폰,151910
906,스마트폰,193250
906,스마트폰,049520
906,스마트폰,053450
906,스마트폰,070300
906,스마트폰,086830
906,스마트폰,187270
906,스마트폰,078780
906,스마트폰,052860
906,스마트폰,061040
906,스마트폰,097780
906,스마트폰,043580
906,스마트폰,037950
906,스마트폰,097520
906,스마트폰,052270
906,스마트폰,036500
906,스마트폰,109960
906,스마트폰,079190
906,스마트폰,093230
906,스마트폰,058450
906,스마트폰,080220
906,스마트폰,178320
906,스마트폰,192650
906,스마트폰,204270
906,스마트폰,198080
906,스마트폰,148150
906,스마트폰,290740
124,스포츠행사 수혜,088910
124,스포츠행사 수혜,136480
124,스포츠행사 수혜,067160
124,스포츠행사 수혜,027710
124,스포츠행사 수혜,000140
124,스포츠행사 수혜,046140
124,스포츠행사 수혜,027740
124,스포츠행사 수혜,065150
124,스포츠행사 수혜,034120
124,스포츠행사 수혜,035810
124,스포츠행사 수혜,000080
146,시멘트,003410
146,시멘트,004980
146,시멘트,038500
146,시멘트,002030
146,시멘트,003300
146,시멘트,006390
146,시멘트,183190
146,시멘트,198440
146,시멘트,300720
134,시스템반도체,067310
134,시스템반도체,033640
134,시스템반도체,117670
134,시스템반도체,038880
134,시스템반도체,108320
134,시스템반도체,119830
134,시스템반도체,089890
134,시스템반도체,123860
134,시스템반도체,036810
134,시스템반도체,036540
134,시스템반도체,052860
134,시스템반도체,062860
134,시스템반도체,029460
134,시스템반도체,030530
134,시스템반도체,039030
134,시스템반도체,042700
134,시스템반도체,058470
134,시스템반도체,033170
134,시스템반도체,092600
134,시스템반도체,003160
134,시스템반도체,089530
134,시스템반도체,240810
134,시스템반도체,102120
134,시스템반도체,000990
923,식자재/급식,005440
923,식자재/급식,051500
923,식자재/급식,031440
923,식자재/급식,011150
923,식자재/급식,005670
923,식자재/급식,025870
923,식자재/급식,030720
923,식자재/급식,311390
303,신공항,025550
303,신공항,129260
303,신공항,066590
303,신공항,044060
303,신공항,060560
303,신공항,009070
303,신공항,000970
303,신공항,102210
303,신공항,012160
303,신공항,102260
303,신공항,045300
303,신공항,100090
303,신공항,078590
303,신공항,099410
303,신공항,011390
303,신공항,012280
303,신공항,013000
190,신약개발,006120
190,신약개발,000640
190,신약개발,000100
190,신약개발,000020
190,신약개발,003090
190,신약개발,003000
190,신약개발,005250
190,신약개발,005500
190,신약개발,008930
190,신약개발,003120
190,신약개발,003940
190,신약개발,001060
190,신약개발,068870
190,신약개발,084990
190,신약개발,102940
190,신약개발,170900
190,신약개발,321550
190,신약개발,215600
190,신약개발,028300
190,신약개발,226330
190,신약개발,082270
190,신약개발,310210
190,신약개발,278650
190,신약개발,235980
190,신약개발,174900
190,신약개발,223250
190,신약개발,203400
190,신약개발,950210
190,신약개발,268600
190,신약개발,185490
190,신약개발,288330
190,신약개발,261780
190,신약개발,365270
937,신용평가사,036120
937,신용평가사,130580
937,신용평가사,049720
937,신용평가사,034310
937,신용평가사,030190
937,신용평가사,092130
937,신용평가사,034950
951,아스콘,048830
951,아스콘,023410
951,아스콘,031820
951,아스콘,060560
951,아스콘,225530
951,아스콘,004090
951,아스콘,014530
951,아스콘,013810
951,아스콘,255220
678,아이폰,006400
678,아이폰,192440
678,아이폰,034220
678,아이폰,126700
678,아이폰,097780
678,아이폰,090460
678,아이폰,009150
678,아이폰,108320
678,아이폰,051370
678,아이폰,272290
678,아이폰,051910
678,아이폰,011070
678,아이폰,000670
678,아이폰,000660
678,아이폰,084850
678,아이폰,251370
678,아이폰,263600
678,아이폰,005930
678,아이폰,213420
678,아이폰,053610
678,아이폰,238090
678,아이폰,089140
082,아이핀,036120
082,아이핀,053300
082,아이핀,041460
082,아이핀,053350
082,아이핀,030190
082,아이핀,036200
082,아이핀,065440
082,아이핀,054920
082,아이핀,042510
082,아이핀,130580
082,아이핀,034310
082,아이핀,092130
099,에볼라바이러스,007570
099,에볼라바이러스,045520
099,에볼라바이러스,045060
099,에볼라바이러스,011000
099,에볼라바이러스,043200
099,에볼라바이러스,083550
099,에볼라바이러스,065950
099,에볼라바이러스,064550
099,에볼라바이러스,044960
099,에볼라바이러스,072020
099,에볼라바이러스,044480
099,에볼라바이러스,065160
099,에볼라바이러스,001340
099,에볼라바이러스,002630
099,에볼라바이러스,038070
015,엔터테인먼트,041510
015,엔터테인먼트,016170
015,엔터테인먼트,043610
015,엔터테인먼트,035900
015,엔터테인먼트,122870
015,엔터테인먼트,173940
015,엔터테인먼트,160550
015,엔터테인먼트,036260
015,엔터테인먼트,064090
015,엔터테인먼트,048550
015,엔터테인먼트,032800
015,엔터테인먼트,376300
015,엔터테인먼트,352820
015,엔터테인먼트,361570
028,여름,005300
028,여름,002270
028,여름,000140
028,여름,005180
028,여름,027740
028,여름,024660
028,여름,136480
028,여름,002700
028,여름,044340
028,여름,067170
028,여름,000080
028,여름,037070
028,여름,071460
028,여름,377460
057,여행,039130
057,여행,080160
057,여행,032350
057,여행,038390
057,여행,094850
057,여행,035080
057,여행,104620
098,영화/드라마제작,068050
098,영화/드라마제작,047820
098,영화/드라마제작,115450
098,영화/드라마제작,046390
098,영화/드라마제작,160550
098,영화/드라마제작,003560
098,영화/드라마제작,079160
098,영화/드라마제작,036420
098,영화/드라마제작,054780
098,영화/드라마제작,086980
062,와이브로,149940
018,완구/캐릭터,039830
018,완구/캐릭터,066910
018,완구/캐릭터,060300
018,완구/캐릭터,048910
018,완구/캐릭터,018700
018,완구/캐릭터,215480
018,완구/캐릭터,900270
018,완구/캐릭터,056080
081,완성차/판매업체,005380
081,완성차/판매업체,000270
081,완성차/판매업체,003620
081,완성차/판매업체,067990
081,완성차/판매업체,900140
903,외국국적상장기업,900050
903,외국국적상장기업,900040
903,외국국적상장기업,900080
903,외국국적상장기업,900090
903,외국국적상장기업,900120
903,외국국적상장기업,900100
903,외국국적상장기업,900110
903,외국국적상장기업,900070
903,외국국적상장기업,900180
903,외국국적상장기업,900130
903,외국국적상장기업,900140
903,외국국적상장기업,900290
903,외국국적상장기업,900300
903,외국국적상장기업,204630
903,외국국적상장기업,900280
903,외국국적상장기업,900260
903,외국국적상장기업,900270
903,외국국적상장기업,900250
156,요소수,001390
156,요소수,047400
156,요소수,000910
156,요소수,069260
156,요소수,004000
168,"우주(위성,발사체)",361390
168,"우주(위성,발사체)",091090
168,"우주(위성,발사체)",077360
168,"우주(위성,발사체)",045100
168,"우주(위성,발사체)",000880
168,"우주(위성,발사체)",056190
168,"우주(위성,발사체)",064350
168,"우주(위성,발사체)",042370
168,"우주(위성,발사체)",010820
168,"우주(위성,발사체)",047810
168,"우주(위성,발사체)",099320
168,"우주(위성,발사체)",078350
168,"우주(위성,발사체)",294630
168,"우주(위성,발사체)",007660
168,"우주(위성,발사체)",272210
168,"우주(위성,발사체)",274090
168,"우주(위성,발사체)",012450
168,"우주(위성,발사체)",079550
168,"우주(위성,발사체)",211270
168,"우주(위성,발사체)",189300
060,원격검침,040160
060,원격검침,002230
060,원격검침,057540
992,원자력,094820
992,원자력,006910
992,원자력,019990
992,원자력,083650
992,원자력,045100
992,원자력,007460
992,원자력,034020
992,원자력,051600
992,원자력,015760
992,원자력,036190
992,원자력,036640
992,원자력,014620
992,원자력,086670
992,원자력,095190
992,원자력,032820
992,원자력,052690
992,원자력,005810
992,원자력,096350
992,원자력,041440
992,원자력,013030
992,원자력,044060
992,원자력,095300
992,원자력,114190
992,원자력,081150
992,원자력,011700
992,원자력,046120
992,원자력,105840
992,원자력,091090
992,원자력,189860
992,원자력,130660
177,원자력발전소 해체,051600
177,원자력발전소 해체,032820
177,원자력발전소 해체,034020
177,원자력발전소 해체,096350
177,원자력발전소 해체,090710
177,원자력발전소 해체,105840
177,원자력발전소 해체,046120
177,원자력발전소 해체,042370
177,원자력발전소 해체,083650
177,원자력발전소 해체,052690
177,원자력발전소 해체,053590
786,웹툰,020120
786,웹툰,035720
786,웹툰,035420
786,웹툰,207760
786,웹툰,263720
197,"위탁생산(CMO, CDMO)",128940
197,"위탁생산(CMO, CDMO)",006280
197,"위탁생산(CMO, CDMO)",086890
197,"위탁생산(CMO, CDMO)",053030
197,"위탁생산(CMO, CDMO)",000100
197,"위탁생산(CMO, CDMO)",302440
197,"위탁생산(CMO, CDMO)",009420
197,"위탁생산(CMO, CDMO)",207940
197,"위탁생산(CMO, CDMO)",237690
197,"위탁생산(CMO, CDMO)",334970
555,유전자치료제,245620
555,유전자치료제,321550
555,유전자치료제,228760
555,유전자치료제,187420
555,유전자치료제,064550
555,유전자치료제,244460
555,유전자치료제,311690
555,유전자치료제,084990
555,유전자치료제,226330
555,유전자치료제,038290
555,유전자치료제,950130
555,유전자치료제,096530
555,유전자치료제,066700
555,유전자치료제,215600
555,유전자치료제,199800
555,유전자치료제,006280
555,유전자치료제,092040
555,유전자치료제,011000
555,유전자치료제,084650
555,유전자치료제,127120
555,유전자치료제,102940
555,유전자치료제,046210
555,유전자치료제,095700
555,유전자치료제,950200
324,은행,105560
324,은행,086790
324,은행,024110
324,은행,055550
324,은행,006220
324,은행,139130
324,은행,138930
324,은행,000030
324,은행,007330
324,은행,192530
324,은행,175330
324,은행,316140
324,은행,323410
085,음성인식,064480
085,음성인식,108860
085,음성인식,038950
085,음성인식,033560
085,음성인식,032750
085,음성인식,096610
085,음성인식,070590
085,음성인식,056000
085,음성인식,065770
919,음식료,004370
919,음식료,007310
919,음식료,001680
919,음식료,049770
919,음식료,005610
919,음식료,097950
919,음식료,005740
919,음식료,005180
919,음식료,004990
919,음식료,001040
919,음식료,001790
919,음식료,001130
919,음식료,003230
919,음식료,026960
919,음식료,008040
919,음식료,088910
919,음식료,027740
919,음식료,136480
919,음식료,024660
919,음식료,006040
919,음식료,030720
919,음식료,189980
919,음식료,002600
919,음식료,005300
919,음식료,002270
919,음식료,005990
919,음식료,003960
919,음식료,079660
919,음식료,014710
919,음식료,006090
919,음식료,145990
919,음식료,007540
919,음식료,004410
919,음식료,136490
919,음식료,004970
919,음식료,025870
919,음식료,031440
919,음식료,006880
919,음식료,011150
919,음식료,051500
919,음식료,065170
919,음식료,009780
919,음식료,065150
919,음식료,001800
919,음식료,051780
919,음식료,017810
919,음식료,003680
919,음식료,222980
919,음식료,271560
919,음식료,033780
919,음식료,009290
919,음식료,101530
919,음식료,260970
919,음식료,900340
919,음식료,103840
919,음식료,290720
077,의료기기,041830
077,의료기기,043100
077,의료기기,065510
077,의료기기,004080
077,의료기기,085370
077,의료기기,043150
077,의료기기,039790
077,의료기기,104540
077,의료기기,100120
077,의료기기,084650
077,의료기기,200780
077,의료기기,142280
077,의료기기,149980
077,의료기기,131220
077,의료기기,041920
077,의료기기,059210
077,의료기기,038070
077,의료기기,100700
077,의료기기,049180
077,의료기기,099190
077,의료기기,950130
077,의료기기,032940
077,의료기기,032620
077,의료기기,150840
077,의료기기,036220
077,의료기기,071200
077,의료기기,054950
077,의료기기,085660
077,의료기기,046210
077,의료기기,006140
077,의료기기,042520
077,의료기기,058110
077,의료기기,258830
077,의료기기,099430
077,의료기기,263690
077,의료기기,219750
077,의료기기,225220
077,의료기기,096530
077,의료기기,229000
077,의료기기,314930
077,의료기기,206640
077,의료기기,179290
077,의료기기,234920
077,의료기기,156100
077,의료기기,335810
077,의료기기,290660
077,의료기기,241820
077,의료기기,061040
077,의료기기,164060
077,의료기기,302550
077,의료기기,122310
077,의료기기,115480
077,의료기기,294090
077,의료기기,214150
077,의료기기,363250
077,의료기기,304840
077,의료기기,305090
077,의료기기,217330
077,의료기기,216080
921,이동통신재판매,031310
921,이동통신재판매,025770
921,이동통신재판매,036630
921,이동통신재판매,037560
364,이산화탄소배출권,008250
364,이산화탄소배출권,025750
364,이산화탄소배출권,069260
364,이산화탄소배출권,093370
364,이산화탄소배출권,018000
364,이산화탄소배출권,086520
364,이산화탄소배출권,001120
364,이산화탄소배출권,051910
364,이산화탄소배출권,038870
364,이산화탄소배출권,017960
364,이산화탄소배출권,900070
364,이산화탄소배출권,264660
364,이산화탄소배출권,383310
364,이산화탄소배출권,083420
364,이산화탄소배출권,083450
364,이산화탄소배출권,119650
364,이산화탄소배출권,382800
364,이산화탄소배출권,033530
189,인공지능,239340
189,인공지능,079970
189,인공지능,189330
189,인공지능,301300
189,인공지능,226330
189,인공지능,039420
189,인공지능,065370
189,인공지능,054630
189,인공지능,300120
189,인공지능,347860
189,인공지능,377480
189,인공지능,402030
189,인공지능,304100
189,인공지능,288980
189,인공지능,303530
189,인공지능,049480
189,인공지능,300080
189,인공지능,160980
189,인공지능,322510
001,인터넷서비스,035420
001,인터넷서비스,035720
001,인터넷서비스,036030
001,인터넷서비스,066270
001,인터넷서비스,093320
001,인터넷서비스,079940
001,인터넷서비스,094480
001,인터넷서비스,214180
001,인터넷서비스,043610
001,인터넷서비스,035600
001,인터넷서비스,046440
001,인터넷서비스,377300
001,인터넷서비스,064850
587,일본불매운동 수혜,012690
587,일본불매운동 수혜,084870
587,일본불매운동 수혜,014100
587,일본불매운동 수혜,204020
587,일본불매운동 수혜,004540
587,일본불매운동 수혜,250000
587,일본불매운동 수혜,267790
587,일본불매운동 수혜,033920
587,일본불매운동 수혜,024940
587,일본불매운동 수혜,000890
587,일본불매운동 수혜,047770
587,일본불매운동 수혜,013990
587,일본불매운동 수혜,033340
587,일본불매운동 수혜,000080
587,일본불매운동 수혜,308100
587,일본불매운동 수혜,102280
587,일본불매운동 수혜,002070
587,일본불매운동 수혜,012700
587,일본불매운동 수혜,000140
587,일본불매운동 수혜,005390
587,일본불매운동 수혜,001460
587,일본불매운동 수혜,005360
143,일본수출규제 국산화,014970
143,일본수출규제 국산화,136510
143,일본수출규제 국산화,004430
143,일본수출규제 국산화,042040
143,일본수출규제 국산화,036830
143,일본수출규제 국산화,093370
143,일본수출규제 국산화,036490
143,일본수출규제 국산화,008730
143,일본수출규제 국산화,220260
143,일본수출규제 국산화,178920
143,일본수출규제 국산화,101490
143,일본수출규제 국산화,171010
143,일본수출규제 국산화,012610
143,일본수출규제 국산화,079810
143,일본수출규제 국산화,005290
143,일본수출규제 국산화,019540
143,일본수출규제 국산화,272290
143,일본수출규제 국산화,009830
925,일자리,008600
925,일자리,133750
925,일자리,376980
925,일자리,143240
925,일자리,096630
925,일자리,241520
925,일자리,246690
991,임베디드 S/W,115450
991,임베디드 S/W,096040
991,임베디드 S/W,086960
991,임베디드 S/W,041020
991,임베디드 S/W,189690
139,자동차경량화,006380
139,자동차경량화,089470
139,자동차경량화,004000
139,자동차경량화,011170
139,자동차경량화,002380
139,자동차경량화,004800
139,자동차경량화,051910
139,자동차경량화,004430
139,자동차경량화,015750
139,자동차경량화,000300
139,자동차경량화,006650
139,자동차경량화,017960
139,자동차경량화,126600
139,자동차경량화,138490
139,자동차경량화,001780
139,자동차경량화,025440
139,자동차경량화,123040
139,자동차경량화,317870
139,자동차경량화,038110
330,자동차부품,025530
330,자동차부품,000430
330,자동차부품,015230
330,자동차부품,024900
330,자동차부품,001620
330,자동차부품,013570
330,자동차부품,018500
330,자동차부품,005030
330,자동차부품,005850
330,자동차부품,033250
330,자동차부품,006660
330,자동차부품,021820
330,자동차부품,012280
330,자동차부품,002920
330,자동차부품,023800
330,자동차부품,009680
330,자동차부품,004100
330,자동차부품,010770
330,자동차부품,010100
330,자동차부품,007860
330,자동차부품,012330
330,자동차부품,010690
330,자동차부품,019180
330,자동차부품,012860
330,자동차부품,038110
330,자동차부품,073070
330,자동차부품,043370
330,자동차부품,033530
330,자동차부품,041650
330,자동차부품,067170
330,자동차부품,019540
330,자동차부품,005710
330,자동차부품,072470
330,자동차부품,066590
330,자동차부품,064960
330,자동차부품,015750
330,자동차부품,018880
330,자동차부품,075180
330,자동차부품,031510
330,자동차부품,011320
330,자동차부품,090080
330,자동차부품,060980
330,자동차부품,025540
330,자동차부품,126600
330,자동차부품,011210
330,자동차부품,130740
330,자동차부품,024910
330,자동차부품,053060
330,자동차부품,080470
330,자동차부품,019770
330,자동차부품,012200
330,자동차부품,092200
330,자동차부품,053700
330,자동차부품,158380
330,자동차부품,200880
330,자동차부품,071850
330,자동차부품,105550
330,자동차부품,145210
330,자동차부품,000040
330,자동차부품,122690
330,자동차부품,090150
330,자동차부품,053270
330,자동차부품,130500
330,자동차부품,005720
330,자동차부품,900100
330,자동차부품,025440
330,자동차부품,104040
330,자동차부품,009320
330,자동차부품,000300
330,자동차부품,002880
330,자동차부품,163560
330,자동차부품,078590
330,자동차부품,004840
330,자동차부품,210540
330,자동차부품,113810
330,자동차부품,204320
330,자동차부품,122350
330,자동차부품,023000
330,자동차부품,004490
330,자동차부품,024830
330,자동차부품,241690
330,자동차부품,396300
330,자동차부품,353590
330,자동차부품,123040
330,자동차부품,308170
330,자동차부품,265560
330,자동차부품,234100
330,자동차부품,092780
330,자동차부품,290120
330,자동차부품,128540
196,자원개발,001740
196,자원개발,065170
196,자원개발,078930
196,자원개발,047050
196,자원개발,011760
196,자원개발,001250
196,자원개발,036460
196,자원개발,028260
196,자원개발,037950
196,자원개발,128820
196,자원개발,009810
196,자원개발,001120
196,자원개발,017390
196,자원개발,096770
269,자율주행차,087260
269,자율주행차,192650
269,자율주행차,370090
269,자율주행차,039290
269,자율주행차,089010
269,자율주행차,050110
269,자율주행차,012330
269,자율주행차,054450
269,자율주행차,017000
269,자율주행차,118990
269,자율주행차,094360
269,자율주행차,092600
269,자율주행차,073070
269,자율주행차,396270
269,자율주행차,317120
269,자율주행차,011070
269,자율주행차,013310
269,자율주행차,177350
269,자율주행차,004270
269,자율주행차,097520
269,자율주행차,161570
269,자율주행차,025440
269,자율주행차,204320
269,자율주행차,071670
269,자율주행차,208860
269,자율주행차,123410
053,자전거,094850
053,자전거,024950
053,자전거,001250
053,자전거,006400
053,자전거,051910
053,자전거,058610
053,자전거,012200
053,자전거,031860
053,자전거,017960
053,자전거,014530
053,자전거,091340
053,자전거,082210
053,자전거,000680
053,자전거,123750
832,재택근무,150900
832,재택근무,067010
832,재택근무,181710
832,재택근무,060850
832,재택근무,094280
832,재택근무,042500
832,재택근무,012510
832,재택근무,131370
257,전기자전거,058610
257,전기자전거,024950
257,전기자전거,047310
257,전기자전거,123750
257,전기자전거,204320
109,전기차,006400
109,전기차,010120
109,전기차,096770
109,전기차,066970
109,전기차,047310
109,전기차,086520
109,전기차,073070
109,전기차,054210
109,전기차,091580
109,전기차,006260
109,전기차,036830
109,전기차,012340
109,전기차,033290
109,전기차,011230
109,전기차,001820
109,전기차,009470
109,전기차,058610
109,전기차,012200
109,전기차,080530
109,전기차,050860
109,전기차,033100
109,전기차,023800
109,전기차,131100
109,전기차,020150
109,전기차,137400
109,전기차,131390
109,전기차,080470
109,전기차,033160
109,전기차,089980
109,전기차,108230
109,전기차,054090
109,전기차,066590
109,전기차,022100
109,전기차,051490
109,전기차,046070
109,전기차,900080
109,전기차,217820
109,전기차,050110
109,전기차,182690
109,전기차,025900
109,전기차,092200
109,전기차,036010
109,전기차,009900
109,전기차,009320
109,전기차,064960
109,전기차,092220
109,전기차,047050
109,전기차,215360
109,전기차,177830
109,전기차,123040
109,전기차,204320
109,전기차,003670
109,전기차,243840
109,전기차,263770
109,전기차,336370
109,전기차,273640
109,전기차,251630
109,전기차,012330
109,전기차,005380
109,전기차,247540
109,전기차,290670
109,전기차,373220
109,전기차,302430
109,전기차,125210
109,전기차,265560
270,전선업체,001440
270,전선업체,006260
270,전선업체,000500
270,전선업체,015860
270,전선업체,229640
270,전선업체,024840
095,전자결제주,064260
095,전자결제주,046440
095,전자결제주,035600
095,전자결제주,060250
095,전자결제주,950110
095,전자결제주,039290
095,전자결제주,025770
095,전자결제주,052400
095,전자결제주,234340
029,전자상거래,028150
029,전자상거래,035760
029,전자상거래,035080
029,전자상거래,009180
029,전자상거래,002320
029,전자상거래,080010
029,전자상거래,108790
029,전자상거래,122900
029,전자상거래,119860
917,전자지갑,045660
917,전자지갑,052400
917,전자지갑,065440
917,전자지갑,064260
917,전자지갑,026180
065,전자태그,010120
065,전자태그,040160
065,전자태그,065450
065,전자태그,026180
065,전자태그,035510
065,전자태그,079190
065,전자태그,030790
065,전자태그,052710
065,전자태그,045660
065,전자태그,093190
030,전자파차단,032960
030,전자파차단,039790
030,전자파차단,081580
030,전자파차단,154040
030,전자파차단,263810
030,전자파차단,294140
020,전자화폐/스마트카드,052400
020,전자화폐/스마트카드,025770
020,전자화폐/스마트카드,036800
020,전자화폐/스마트카드,038460
020,전자화폐/스마트카드,006140
020,전자화폐/스마트카드,054920
020,전자화폐/스마트카드,094940
020,전자화폐/스마트카드,063440
020,전자화폐/스마트카드,005810
020,전자화폐/스마트카드,030790
020,전자화폐/스마트카드,063570
020,전자화폐/스마트카드,052600
020,전자화폐/스마트카드,012600
020,전자화폐/스마트카드,089850
020,전자화폐/스마트카드,070300
020,전자화폐/스마트카드,068940
110,전장(전자장비),161570
110,전장(전자장비),208860
110,전장(전자장비),039290
110,전장(전자장비),069510
110,전장(전자장비),071670
110,전장(전자장비),038950
110,전장(전자장비),009150
110,전장(전자장비),049950
110,전장(전자장비),142210
110,전장(전자장비),050110
131,정유,096770
131,정유,078930
131,정유,010950
038,제당,097950
038,제당,001790
556,제대혈,091090
556,제대혈,217730
556,제대혈,144510
556,제대혈,006280
556,제대혈,031390
556,제대혈,085660
556,제대혈,078160
024,제분,001130
024,제분,002680
024,제분,008040
129,제습기,066570
129,제습기,071460
129,제습기,044340
129,제습기,002700
129,제습기,284740
129,제습기,037070
129,제습기,021240
129,제습기,058610
129,제습기,377460
385,제약,000520
385,제약,009300
385,제약,000640
385,제약,033270
385,제약,002720
385,제약,000100
385,제약,011040
385,제약,009290
385,제약,053950
385,제약,086450
385,제약,003850
385,제약,017180
385,제약,001060
385,제약,001360
385,제약,000220
385,제약,002390
385,제약,001630
385,제약,128940
385,제약,061250
385,제약,016580
385,제약,067290
385,제약,014570
385,제약,002210
385,제약,002250
385,제약,067080
385,제약,000250
385,제약,068760
385,제약,019170
385,제약,012790
385,제약,102460
385,제약,004720
385,제약,018680
385,제약,058820
385,제약,200780
385,제약,043090
385,제약,034940
385,제약,185750
385,제약,170900
385,제약,069620
385,제약,003220
385,제약,007370
385,제약,142280
385,제약,200670
385,제약,006280
385,제약,000020
385,제약,060590
385,제약,214390
385,제약,086890
385,제약,087010
385,제약,005250
385,제약,078140
385,제약,036480
385,제약,003090
385,제약,054670
385,제약,023910
385,제약,131030
385,제약,086900
385,제약,140410
385,제약,053030
385,제약,003000
385,제약,005500
385,제약,008490
385,제약,003060
385,제약,092040
385,제약,001540
385,제약,041910
385,제약,003520
385,제약,018620
385,제약,000230
385,제약,007570
385,제약,052670
385,제약,002620
385,제약,072020
385,제약,086060
385,제약,114450
385,제약,041960
385,제약,102940
385,제약,066700
385,제약,106190
385,제약,008930
385,제약,330350
385,제약,271980
385,제약,208340
385,제약,293480
385,제약,032300
385,제약,082270
385,제약,115450
385,제약,195940
385,제약,237690
385,제약,004310
385,제약,006620
385,제약,950160
385,제약,174900
385,제약,290650
319,제지,004150
319,제지,009460
319,제지,900090
319,제지,027970
319,제지,002870
319,제지,004540
319,제지,002200
319,제지,016590
319,제지,019300
319,제지,002310
319,제지,011280
319,제지,002300
319,제지,009200
319,제지,016100
319,제지,006740
319,제지,078130
319,제지,006580
319,제지,023600
319,제지,008730
319,제지,009580
319,제지,017650
319,제지,012690
319,제지,025900
319,제지,001810
319,제지,036620
319,제지,010420
319,제지,109070
319,제지,009770
319,제지,030960
319,제지,001020
319,제지,007190
319,제지,213500
702,조림사업,097870
702,조림사업,025750
702,조림사업,043910
702,조림사업,039020
702,조림사업,002300
702,조림사업,009580
702,조림사업,014130
702,조림사업,000180
702,조림사업,025950
702,조림사업,137950
702,조림사업,002820
702,조림사업,008250
702,조림사업,002880
076,조선,010620
076,조선,042660
076,조선,010140
076,조선,009540
076,조선,003480
076,조선,097230
076,조선,329180
072,조선기자재,044490
072,조선기자재,053660
072,조선기자재,033500
072,조선기자재,073010
072,조선기자재,014940
072,조선기자재,054540
072,조선기자재,065570
072,조선기자재,013030
072,조선기자재,014620
072,조선기자재,017960
072,조선기자재,089230
072,조선기자재,023160
072,조선기자재,064820
072,조선기자재,092460
072,조선기자재,086670
072,조선기자재,096350
072,조선기자재,077970
072,조선기자재,099220
072,조선기자재,071970
072,조선기자재,099410
072,조선기자재,105740
072,조선기자재,082740
072,조선기자재,108380
072,조선기자재,101000
072,조선기자재,103230
072,조선기자재,028300
072,조선기자재,101930
072,조선기자재,054180
072,조선기자재,102210
072,조선기자재,100090
072,조선기자재,075580
361,종합물류업체,002320
361,종합물류업체,009180
361,종합물류업체,004360
361,종합물류업체,004140
361,종합물류업체,024800
361,종합물류업체,000120
361,종합물류업체,014130
361,종합물류업체,086280
361,종합물류업체,039310
361,종합물류업체,045340
361,종합물류업체,001140
361,종합물류업체,032280
361,종합물류업체,129260
361,종합물류업체,009070
361,종합물류업체,124560
073,주류판매,033920
073,주류판매,000080
073,주류판매,000890
073,주류판매,005300
073,주류판매,043650
073,주류판매,000140
073,주류판매,276730
074,주정,023150
074,주정,017890
074,주정,000890
074,주정,023900
074,주정,033920
074,주정,043650
074,주정,018120
074,주정,004650
049,줄기세포,038290
049,줄기세포,016100
049,줄기세포,003000
049,줄기세포,034940
049,줄기세포,005500
049,줄기세포,044060
049,줄기세포,001540
049,줄기세포,024720
049,줄기세포,052020
049,줄기세포,082270
049,줄기세포,085660
049,줄기세포,091090
049,줄기세포,067290
049,줄기세포,053030
049,줄기세포,078160
049,줄기세포,066980
049,줄기세포,005690
049,줄기세포,001060
049,줄기세포,166480
049,줄기세포,031390
049,줄기세포,040350
049,줄기세포,217730
049,줄기세포,298060
049,줄기세포,065660
049,줄기세포,064240
071,중고차 및 렌터카,068400
071,중고차 및 렌터카,038390
071,중고차 및 렌터카,001740
071,중고차 및 렌터카,089860
071,중고차 및 렌터카,067990
071,중고차 및 렌터카,381970
071,중고차 및 렌터카,086280
135,중국긴축완화 수혜,115390
135,중국긴축완화 수혜,042670
135,중국긴축완화 수혜,101170
135,중국긴축완화 수혜,093050
135,중국긴축완화 수혜,001800
135,중국긴축완화 수혜,084870
135,중국긴축완화 수혜,011170
135,중국긴축완화 수혜,097950
135,중국긴축완화 수혜,123330
135,중국긴축완화 수혜,090370
135,중국긴축완화 수혜,065510
135,중국긴축완화 수혜,048260
135,중국긴축완화 수혜,112040
135,중국긴축완화 수혜,161890
135,중국긴축완화 수혜,005090
135,중국긴축완화 수혜,090430
135,중국긴축완화 수혜,192820
135,중국긴축완화 수혜,051900
135,중국긴축완화 수혜,069640
285,증권,030610
285,증권,003540
285,증권,006800
285,증권,016610
285,증권,003470
285,증권,001270
285,증권,001290
285,증권,016360
285,증권,001200
285,증권,001720
285,증권,001510
285,증권,005940
285,증권,003460
285,증권,039490
285,증권,001750
285,증권,003530
285,증권,003450
285,증권,071050
285,증권,037620
285,증권,078020
285,증권,001500
285,증권,030210
285,증권,008560
285,증권,190650
140,지능형교통시스템,036710
140,지능형교통시스템,054220
140,지능형교통시스템,115500
140,지능형교통시스템,121890
140,지능형교통시스템,034730
987,지문인식,060250
987,지문인식,094840
987,지문인식,114120
987,지문인식,236200
987,지문인식,317770
039,지주,100250
039,지주,000880
039,지주,002020
039,지주,001520
039,지주,001680
039,지주,058650
039,지주,072710
039,지주,011810
039,지주,003550
039,지주,078930
039,지주,000150
039,지주,036530
039,지주,004150
039,지주,016880
039,지주,084690
039,지주,042420
039,지주,055550
039,지주,900070
039,지주,086790
039,지주,071050
039,지주,060980
039,지주,006840
039,지주,000590
039,지주,096760
039,지주,009440
039,지주,101060
039,지주,025530
039,지주,000320
039,지주,016710
039,지주,102260
039,지주,000640
039,지주,000070
039,지주,006880
039,지주,009970
039,지주,015860
039,지주,001630
039,지주,004870
039,지주,024660
039,지주,000140
039,지주,000700
039,지주,001940
039,지주,092230
039,지주,006200
039,지주,000240
039,지주,016450
039,지주,003480
039,지주,001040
333,지진,018000
333,지진,054540
333,지진,004840
333,지진,028100
333,지진,053620
333,지진,228340
333,지진,004440
333,지진,237750
333,지진,119500
333,지진,101670
333,지진,060370
333,지진,033540
333,지진,140520
918,지카바이러스,000220
918,지카바이러스,011000
918,지카바이러스,002630
918,지카바이러스,017180
918,지카바이러스,064550
918,지카바이러스,012170
918,지카바이러스,096530
918,지카바이러스,044480
400,지하도로,028100
400,지하도로,026150
400,지하도로,025950
400,지하도로,018310
400,지하도로,010960
400,지하도로,032040
400,지하도로,001840
400,지하도로,007460
400,지하도로,119650
930,차량용 블랙박스,084730
930,차량용 블랙박스,023810
930,차량용 블랙박스,038950
930,차량용 블랙박스,012330
930,차량용 블랙박스,000990
930,차량용 블랙박스,033320
930,차량용 블랙박스,050110
930,차량용 블랙박스,092600
930,차량용 블랙박스,056000
930,차량용 블랙박스,087260
007,창업투자,019660
007,창업투자,021080
007,창업투자,016600
007,창업투자,041190
007,창업투자,019550
007,창업투자,027830
007,창업투자,019590
007,창업투자,033660
007,창업투자,023760
007,창업투자,019570
007,창업투자,021880
007,창업투자,026890
007,창업투자,010050
007,창업투자,330730
007,창업투자,100790
007,창업투자,307930
007,창업투자,241520
007,창업투자,246690
044,철강금속,005490
044,철강금속,004020
044,철강금속,001230
044,철강금속,005160
044,철강금속,010130
044,철강금속,001430
044,철강금속,005810
044,철강금속,004560
044,철강금속,003030
044,철강금속,005010
044,철강금속,058650
044,철강금속,065620
044,철강금속,014280
044,철강금속,009730
044,철강금속,008970
044,철강금속,001080
044,철강금속,008420
044,철강금속,026940
044,철강금속,017480
044,철강금속,012620
044,철강금속,058430
044,철강금속,013030
044,철강금속,023160
044,철강금속,071090
044,철강금속,025550
044,철강금속,000970
044,철강금속,140520
044,철강금속,069730
044,철강금속,008260
044,철강금속,086670
044,철강금속,053260
044,철강금속,084010
044,철강금속,133820
044,철강금속,192390
044,철강금속,090410
044,철강금속,177830
044,철강금속,060480
044,철강금속,026910
044,철강금속,121600
044,철강금속,008350
044,철강금속,048470
044,철강금속,009190
044,철강금속,069460
044,철강금속,021040
044,철강금속,075970
044,철강금속,060380
044,철강금속,004890
044,철강금속,023790
044,철강금속,024090
044,철강금속,002690
044,철강금속,009620
044,철강금속,006110
044,철강금속,021050
044,철강금속,019440
044,철강금속,087220
044,철강금속,001770
044,철강금속,090730
044,철강금속,037760
044,철강금속,000590
044,철강금속,012280
044,철강금속,012160
044,철강금속,081000
044,철강금속,043910
044,철강금속,001560
044,철강금속,023440
044,철강금속,038010
044,철강금속,000480
044,철강금속,120030
044,철강금속,018470
044,철강금속,001940
044,철강금속,122800
044,철강금속,054410
044,철강금속,002710
044,철강금속,081150
044,철강금속,003670
044,철강금속,128660
044,철강금속,104700
044,철강금속,285490
044,철강금속,016380
044,철강금속,139990
044,철강금속,306200
994,철도,017510
994,철도,045390
994,철도,026150
994,철도,004560
994,철도,004020
994,철도,001230
994,철도,028100
994,철도,017040
994,철도,039980
994,철도,017480
994,철도,069460
994,철도,001780
994,철도,013030
994,철도,033100
994,철도,001260
994,철도,046940
994,철도,068240
994,철도,064350
994,철도,094940
994,철도,064510
079,출산장려정책,013990
079,출산장려정책,035290
079,출산장려정책,016880
079,출산장려정책,068290
079,출산장려정책,014100
079,출산장려정책,054670
079,출산장려정책,019680
079,출산장려정책,005990
079,출산장려정책,003920
079,출산장려정책,061460
079,출산장려정책,095720
079,출산장려정책,036000
079,출산장려정책,105630
079,출산장려정책,159580
079,출산장려정책,092730
079,출산장려정책,004540
104,치과의료,048260
104,치과의료,039840
104,치과의료,043150
104,치과의료,039200
104,치과의료,004080
104,치과의료,138610
104,치과의료,228850
104,치과의료,228670
104,치과의료,145720
104,치과의료,122310
104,치과의료,059210
387,카메라모듈/부품,082210
387,카메라모듈/부품,050110
387,카메라모듈/부품,033240
387,카메라모듈/부품,049630
387,카메라모듈/부품,126700
387,카메라모듈/부품,097520
387,카메라모듈/부품,151910
387,카메라모듈/부품,091700
387,카메라모듈/부품,101390
387,카메라모듈/부품,076610
387,카메라모듈/부품,065130
387,카메라모듈/부품,196450
387,카메라모듈/부품,087600
387,카메라모듈/부품,094170
387,카메라모듈/부품,190510
387,카메라모듈/부품,123010
387,카메라모듈/부품,176440
387,카메라모듈/부품,208710
387,카메라모듈/부품,225190
387,카메라모듈/부품,181340
387,카메라모듈/부품,263600
387,카메라모듈/부품,078650
387,카메라모듈/부품,053450
387,카메라모듈/부품,037950
387,카메라모듈/부품,011070
387,카메라모듈/부품,300120
387,카메라모듈/부품,290740
387,카메라모듈/부품,047310
387,카메라모듈/부품,081580
042,카지노,035250
042,카지노,052330
042,카지노,034230
042,카지노,039230
042,카지노,051360
042,카지노,114090
042,카지노,035480
042,카지노,032350
982,케이블TV,035760
982,케이블TV,003240
982,케이블TV,126560
982,케이블TV,057050
982,케이블TV,037560
982,케이블TV,122450
296,코로나19 진단키트,243070
296,코로나19 진단키트,004720
296,코로나19 진단키트,127120
296,코로나19 진단키트,096530
296,코로나19 진단키트,048530
296,코로나19 진단키트,238090
296,코로나19 진단키트,057880
296,코로나19 진단키트,253840
296,코로나19 진단키트,109820
296,코로나19 진단키트,245620
296,코로나19 진단키트,038460
296,코로나19 진단키트,206640
296,코로나19 진단키트,192650
296,코로나19 진단키트,048870
296,코로나19 진단키트,269620
296,코로나19 진단키트,241820
296,코로나19 진단키트,084650
296,코로나19 진단키트,229000
296,코로나19 진단키트,205470
296,코로나19 진단키트,137310
296,코로나19 진단키트,053980
296,코로나19 진단키트,950130
297,코로나19(백신/치료제),183490
297,코로나19(백신/치료제),185750
297,코로나19(백신/치료제),097780
297,코로나19(백신/치료제),025320
297,코로나19(백신/치료제),015540
297,코로나19(백신/치료제),003520
297,코로나19(백신/치료제),302440
297,코로나19(백신/치료제),206650
297,코로나19(백신/치료제),299660
297,코로나19(백신/치료제),068270
297,코로나19(백신/치료제),019170
297,코로나19(백신/치료제),069620
297,코로나19(백신/치료제),003000
297,코로나19(백신/치료제),285130
297,코로나19(백신/치료제),214870
297,코로나19(백신/치료제),271980
297,코로나19(백신/치료제),007570
297,코로나19(백신/치료제),086040
297,코로나19(백신/치료제),174900
297,코로나19(백신/치료제),064550
297,코로나19(백신/치료제),238120
297,코로나19(백신/치료제),006280
297,코로나19(백신/치료제),048530
297,코로나19(백신/치료제),237690
297,코로나19(백신/치료제),207940
297,코로나19(백신/치료제),011000
297,코로나19(백신/치료제),095700
297,코로나19(백신/치료제),185490
297,코로나19(백신/치료제),005690
159,코로나19(혈장치료),097780
159,코로나19(혈장치료),044480
159,코로나19(혈장치료),006280
159,코로나19(혈장치료),068330
159,코로나19(혈장치료),038070
159,코로나19(혈장치료),025320
159,코로나19(혈장치료),057880
159,코로나19(혈장치료),294140
159,코로나19(혈장치료),080720
250,콘덴서,001820
250,콘덴서,005680
250,콘덴서,009470
250,콘덴서,037950
250,콘덴서,012340
250,콘덴서,033290
250,콘덴서,043260
250,콘덴서,014910
893,콘텐츠,046390
893,콘텐츠,063440
893,콘텐츠,003560
893,콘텐츠,068050
893,콘텐츠,047820
893,콘텐츠,299900
893,콘텐츠,034120
893,콘텐츠,241840
893,콘텐츠,317530
893,콘텐츠,036420
893,콘텐츠,253450
893,콘텐츠,200350
893,콘텐츠,160550
142,콜드테인(저온유통),175250
142,콜드테인(저온유통),096350
142,콜드테인(저온유통),000300
142,콜드테인(저온유통),014130
142,콜드테인(저온유통),083450
142,콜드테인(저온유통),214870
142,콜드테인(저온유통),053950
142,콜드테인(저온유통),144510
142,콜드테인(저온유통),006890
142,콜드테인(저온유통),119830
142,콜드테인(저온유통),079970
142,콜드테인(저온유통),000640
142,콜드테인(저온유통),131220
142,콜드테인(저온유통),054630
142,콜드테인(저온유통),068330
700,클라우드컴퓨팅,023590
700,클라우드컴퓨팅,064800
700,클라우드컴퓨팅,067160
700,클라우드컴퓨팅,053800
700,클라우드컴퓨팅,100030
700,클라우드컴퓨팅,034730
700,클라우드컴퓨팅,094280
700,클라우드컴퓨팅,041020
700,클라우드컴퓨팅,012510
700,클라우드컴퓨팅,032190
700,클라우드컴퓨팅,093320
700,클라우드컴퓨팅,018260
700,클라우드컴퓨팅,242040
700,클라우드컴퓨팅,030520
022,키오스크,052600
022,키오스크,063570
022,키오스크,004920
022,키오스크,012600
022,키오스크,067730
022,키오스크,115500
022,키오스크,089150
335,타미플루,007570
335,타미플루,041910
335,타미플루,068870
335,타미플루,019170
335,타미플루,060590
335,타미플루,008930
335,타미플루,069620
335,타미플루,000100
335,타미플루,054670
335,타미플루,061250
335,타미플루,043090
147,타이어,000240
147,타이어,002350
147,타이어,073240
147,타이어,007340
147,타이어,161390
376,탄소나노튜브,054940
376,탄소나노튜브,000300
376,탄소나노튜브,065130
376,탄소나노튜브,027580
145,탈모,027050
145,탈모,161890
145,탈모,006840
145,탈모,214370
145,탈모,048410
145,탈모,217480
145,탈모,064550
145,탈모,067290
145,탈모,277410
145,탈모,078160
145,탈모,004310
145,탈모,317240
145,탈모,090370
920,태블릿PC,061040
920,태블릿PC,108860
920,태블릿PC,091700
920,태블릿PC,036030
920,태블릿PC,035080
920,태블릿PC,053280
920,태블릿PC,078070
920,태블릿PC,005930
920,태블릿PC,073570
920,태블릿PC,094190
920,태블릿PC,039560
920,태블릿PC,101330
920,태블릿PC,020760
920,태블릿PC,097780
920,태블릿PC,051370
920,태블릿PC,108320
920,태블릿PC,006400
920,태블릿PC,009150
920,태블릿PC,041520
920,태블릿PC,106080
920,태블릿PC,049070
920,태블릿PC,063080
920,태블릿PC,054210
086,태양광발전,010060
086,태양광발전,036930
086,태양광발전,064760
086,태양광발전,083310
086,태양광발전,004800
086,태양광발전,039020
086,태양광발전,011930
086,태양광발전,052420
086,태양광발전,095910
086,태양광발전,110570
086,태양광발전,099220
086,태양광발전,103130
086,태양광발전,108230
086,태양광발전,010120
086,태양광발전,095610
086,태양광발전,104120
086,태양광발전,009830
086,태양광발전,112240
086,태양광발전,043200
086,태양광발전,083930
086,태양광발전,313760
086,태양광발전,078600
086,태양광발전,078940
086,태양광발전,322000
379,태양전지,073010
379,태양전지,002020
379,태양전지,011930
379,태양전지,024880
379,태양전지,095910
379,태양전지,095610
379,태양전지,103130
379,태양전지,108230
379,태양전지,057500
379,태양전지,110570
379,태양전지,104120
379,태양전지,112240
284,태풍/장마,002100
284,태풍/장마,007590
284,태풍/장마,043200
284,태풍/장마,004000
284,태풍/장마,000490
284,태풍/장마,060150
284,태풍/장마,001550
284,태풍/장마,025860
284,태풍/장마,029960
375,터치스크린,025320
375,터치스크린,097780
375,터치스크린,062860
375,터치스크린,049520
375,터치스크린,020760
375,터치스크린,096640
375,터치스크린,094190
375,터치스크린,051360
375,터치스크린,027580
375,터치스크린,149950
198,테마파크,020710
198,테마파크,084680
198,테마파크,034300
198,테마파크,066620
386,통신사,017670
386,통신사,032640
386,통신사,030200
382,통신장비,046310
382,통신장비,192410
382,통신장비,035460
382,통신장비,037340
382,통신장비,039560
382,통신장비,010170
382,통신장비,187220
382,통신장비,149940
382,통신장비,069540
382,통신장비,037460
382,통신장비,033790
382,통신장비,050890
382,통신장비,099830
382,통신장비,065770
382,통신장비,051980
382,통신장비,088800
382,통신장비,073540
382,통신장비,051390
382,통신장비,109080
382,통신장비,138080
382,통신장비,115440
382,통신장비,046970
382,통신장비,095270
382,통신장비,078070
382,통신장비,073490
382,통신장비,007630
382,통신장비,032500
382,통신장비,094860
382,통신장비,005870
382,통신장비,038530
382,통신장비,056360
382,통신장비,031820
382,통신장비,200230
382,통신장비,091440
382,통신장비,175140
382,통신장비,038680
382,통신장비,214870
382,통신장비,029480
382,통신장비,211270
382,통신장비,100590
382,통신장비,230240
382,통신장비,143160
382,통신장비,007660
382,통신장비,218410
382,통신장비,173130
382,통신장비,061040
382,통신장비,226350
041,페인트,090350
041,페인트,000390
041,페인트,004910
041,페인트,011720
041,페인트,002380
009,폐기물/재활용,029960
009,폐기물/재활용,035890
009,폐기물/재활용,060150
009,폐기물/재활용,067900
009,폐기물/재활용,363280
009,폐기물/재활용,151860
536,폐배터리,373220
536,폐배터리,005380
536,폐배터리,096770
536,폐배터리,265560
536,폐배터리,047310
536,폐배터리,299030
536,폐배터리,060150
536,폐배터리,196490
536,폐배터리,004250
536,폐배터리,005420
536,폐배터리,005490
536,폐배터리,034020
536,폐배터리,076080
315,포장용기,008870
315,포장용기,004800
315,포장용기,000070
315,포장용기,009810
315,포장용기,004780
315,포장용기,014160
315,포장용기,014820
315,포장용기,033310
315,포장용기,115390
315,포장용기,005090
315,포장용기,014970
315,포장용기,023600
315,포장용기,003720
315,포장용기,004450
315,포장용기,005820
315,포장용기,008730
315,포장용기,018290
315,포장용기,011280
315,포장용기,115960
315,포장용기,037230
315,포장용기,061460
315,포장용기,263920
315,포장용기,251970
680,폴더블폰,148150
680,폴더블폰,290550
680,폴더블폰,096770
680,폴더블폰,034220
680,폴더블폰,051370
680,폴더블폰,094170
680,폴더블폰,272290
680,폴더블폰,009150
680,폴더블폰,090460
680,폴더블폰,131760
680,폴더블폰,014190
680,폴더블폰,011790
680,폴더블폰,179900
680,폴더블폰,089010
680,폴더블폰,178920
680,폴더블폰,120110
680,폴더블폰,005930
680,폴더블폰,055490
680,폴더블폰,106240
680,폴더블폰,144960
680,폴더블폰,027580
680,폴더블폰,060720
905,폴리실리콘,010060
905,폴리실리콘,011930
905,폴리실리콘,009830
905,폴리실리콘,318000
116,풍력발전,005160
116,풍력발전,044490
116,풍력발전,089230
116,풍력발전,013810
116,풍력발전,018000
116,풍력발전,006910
116,풍력발전,007690
116,풍력발전,001250
116,풍력발전,101170
116,풍력발전,100130
116,풍력발전,112610
116,풍력발전,075580
116,풍력발전,034020
116,풍력발전,100090
116,풍력발전,003070
116,풍력발전,297090
012,프린터,029530
012,프린터,066110
012,프린터,065690
012,프린터,049550
012,프린터,043360
012,프린터,081580
043,플렉서블 디스플레이,036490
043,플렉서블 디스플레이,059100
043,플렉서블 디스플레이,088130
043,플렉서블 디스플레이,123100
043,플렉서블 디스플레이,005930
043,플렉서블 디스플레이,034220
043,플렉서블 디스플레이,136510
043,플렉서블 디스플레이,049550
043,플렉서블 디스플레이,095610
043,플렉서블 디스플레이,066980
043,플렉서블 디스플레이,005290
043,플렉서블 디스플레이,027580
043,플렉서블 디스플레이,109740
043,플렉서블 디스플레이,265520
997,핀테크,035720
997,핀테크,060250
997,핀테크,035600
997,핀테크,046440
997,핀테크,036030
997,핀테크,039490
997,핀테크,053350
997,핀테크,053800
997,핀테크,094480
997,핀테크,950110
997,핀테크,052600
997,핀테크,052710
997,핀테크,042510
997,핀테크,064260
997,핀테크,054920
997,핀테크,047560
997,핀테크,150900
997,핀테크,036010
997,핀테크,016670
997,핀테크,035420
997,핀테크,052400
997,핀테크,262840
997,핀테크,041460
997,핀테크,158430
997,핀테크,053580
997,핀테크,163730
997,핀테크,034310
997,핀테크,030190
997,핀테크,214180
997,핀테크,100030
997,핀테크,012510
997,핀테크,234340
097,하이브리드카,005380
097,하이브리드카,000270
097,하이브리드카,012330
097,하이브리드카,051910
097,하이브리드카,006260
097,하이브리드카,001820
097,하이브리드카,009470
097,하이브리드카,011230
097,하이브리드카,012340
097,하이브리드카,043260
097,하이브리드카,014910
097,하이브리드카,004490
097,하이브리드카,023890
097,하이브리드카,033290
097,하이브리드카,036830
097,하이브리드카,012200
097,하이브리드카,043590
346,한국판뉴딜,022100
346,한국판뉴딜,030520
346,한국판뉴딜,322000
346,한국판뉴딜,288620
346,한국판뉴딜,009830
346,한국판뉴딜,112610
346,한국판뉴딜,297090
346,한국판뉴딜,100090
346,한국판뉴딜,035420
346,한국판뉴딜,012330
346,한국판뉴딜,005380
346,한국판뉴딜,090460
346,한국판뉴딜,032500
346,한국판뉴딜,064960
346,한국판뉴딜,006400
346,한국판뉴딜,138080
346,한국판뉴딜,035720
346,한국판뉴딜,178320
346,한국판뉴딜,082920
346,한국판뉴딜,081000
346,한국판뉴딜,010120
346,한국판뉴딜,051910
346,한국판뉴딜,005930
346,한국판뉴딜,298040
346,한국판뉴딜,336260
346,한국판뉴딜,050890
346,한국판뉴딜,018260
008,한미FTA수혜,005380
008,한미FTA수혜,000270
008,한미FTA수혜,064960
008,한미FTA수혜,060980
008,한미FTA수혜,012330
008,한미FTA수혜,011210
008,한미FTA수혜,043370
008,한미FTA수혜,018880
008,한미FTA수혜,005850
008,한미FTA수혜,086280
008,한미FTA수혜,010690
008,한미FTA수혜,005930
008,한미FTA수혜,001300
008,한미FTA수혜,020560
008,한미FTA수혜,003490
008,한미FTA수혜,034220
008,한미FTA수혜,066570
008,한미FTA수혜,006400
008,한미FTA수혜,009150
008,한미FTA수혜,000050
008,한미FTA수혜,001070
008,한미FTA수혜,001530
008,한미FTA수혜,000950
008,한미FTA수혜,122450
008,한미FTA수혜,005860
008,한미FTA수혜,065950
343,합금철,004890
343,합금철,015890
343,합금철,090730
911,항공,003490
911,항공,020560
911,항공,004870
911,항공,005430
911,항공,180640
911,항공,089590
911,항공,298690
911,항공,006840
911,항공,091810
911,항공,272450
352,항만,025550
352,항만,004140
352,항만,045340
352,항만,039420
352,항만,003100
352,항만,001140
352,항만,014200
061,해운,000700
061,해운,005880
061,해운,011200
061,해운,028670
061,해운,044450
061,해운,117930
061,해운,003280
332,해저터널,026150
332,해저터널,017510
332,해저터널,011390
332,해저터널,028100
332,해저터널,025550
332,해저터널,060370
332,해저터널,046940
193,핵융합에너지,001820
193,핵융합에너지,068240
193,핵융합에너지,042370
193,핵융합에너지,002240
193,핵융합에너지,250060
193,핵융합에너지,094820
193,핵융합에너지,034020
999,호텔,215000
999,호텔,035250
999,호텔,008770
999,호텔,025980
999,호텔,050120
999,호텔,095570
999,호텔,068400
999,호텔,032350
999,호텔,048550
999,호텔,194610
999,호텔,084680
999,호텔,035480
999,호텔,039130
999,호텔,034230
999,호텔,070960
999,호텔,006730
063,홈네트워크,036690
063,홈네트워크,039010
063,홈네트워크,015710
063,홈네트워크,040160
063,홈네트워크,022100
063,홈네트워크,042940
063,홈네트워크,039570
087,홍채인식,010820
087,홍채인식,111870
087,홍채인식,047310
087,홍채인식,094840
087,홍채인식,082210
087,홍채인식,123260
087,홍채인식,094170
908,화장품,044820
908,화장품,078520
908,화장품,161890
908,화장품,024720
908,화장품,123690
908,화장품,003350
908,화장품,027050
908,화장품,002790
908,화장품,090430
908,화장품,192820
908,화장품,051900
908,화장품,101240
908,화장품,138360
908,화장품,016100
908,화장품,069110
908,화장품,038340
908,화장품,078140
908,화장품,037270
908,화장품,123330
908,화장품,049830
908,화장품,017890
908,화장품,048410
908,화장품,000970
908,화장품,002720
908,화장품,007390
908,화장품,041910
908,화장품,138610
908,화장품,214420
908,화장품,092730
908,화장품,065150
908,화장품,200130
908,화장품,038460
908,화장품,015540
908,화장품,078860
908,화장품,115960
908,화장품,950140
908,화장품,086710
908,화장품,219550
908,화장품,251120
908,화장품,066980
908,화장품,226340
908,화장품,252500
908,화장품,226320
908,화장품,025620
908,화장품,251970
908,화장품,217480
908,화장품,352480
908,화장품,362320
908,화장품,031430
908,화장품,260930
158,화학섬유,120110
158,화학섬유,079980
158,화학섬유,104480
158,화학섬유,003830
158,화학섬유,003240
158,화학섬유,298020
070,환경,013810
070,환경,021240
070,환경,018000
070,환경,035890
070,환경,004410
070,환경,007610
070,환경,015860
070,환경,029960
070,환경,060150
070,환경,083660
070,환경,151860
163,환율하락 수혜주,039130
163,환율하락 수혜주,003490
163,환율하락 수혜주,080160
163,환율하락 수혜주,049770
163,환율하락 수혜주,020560
163,환율하락 수혜주,015760
163,환율하락 수혜주,010950
163,환율하락 수혜주,000080
163,환율하락 수혜주,010130
163,환율하락 수혜주,002680
163,환율하락 수혜주,007310
163,환율하락 수혜주,005490
163,환율하락 수혜주,004370
163,환율하락 수혜주,004020
163,환율하락 수혜주,271560
163,환율하락 수혜주,103140
163,환율하락 수혜주,003010
163,환율하락 수혜주,002300
163,환율하락 수혜주,001790
163,환율하락 수혜주,001680
163,환율하락 수혜주,001230
163,환율하락 수혜주,001130
163,환율하락 수혜주,000070
163,환율하락 수혜주,097950
163,환율하락 수혜주,005880
163,환율하락 수혜주,036460
940,희귀금속,000910
940,희귀금속,032980
940,희귀금속,003010
940,희귀금속,037370
940,희귀금속,061460
940,희귀금속,009520
940,희귀금속,130660
940,희귀금속,047400
940,희귀금속,005490
940,희귀금속,081150
940,희귀금속,285490
114,히든챔피언,098460
114,히든챔피언,109860
114,히든챔피언,100120
114,히든챔피언,093190
114,히든챔피언,027580
114,히든챔피언,094840
114,히든챔피언,096530
114,히든챔피언,052710
114,히든챔피언,096610
114,히든챔피언,073110
114,히든챔피언,114630
114,히든챔피언,030530
114,히든챔피언,080420
114,히든챔피언,088390
114,히든챔피언,102710
114,히든챔피언,039030
114,히든챔피언,054950
114,히든챔피언,043290
114,히든챔피언,052330
114,히든챔피언,089030
114,히든챔피언,049080
114,히든챔피언,038290
114,히든챔피언,014620
114,히든챔피언,154040
114,히든챔피언,040910
114,히든챔피언,076610
114,히든챔피언,095340
